-- phpMyAdmin SQL Dump
-- version 4.1.8
-- http://www.phpmyadmin.net
--
-- Host: localhost
-- Generation Time: Jul 27, 2014 at 10:53 PM
-- Server version: 5.1.73-cll
-- PHP Version: 5.4.23

SET SQL_MODE = "NO_AUTO_VALUE_ON_ZERO";
SET time_zone = "+00:00";


/*!40101 SET @OLD_CHARACTER_SET_CLIENT=@@CHARACTER_SET_CLIENT */;
/*!40101 SET @OLD_CHARACTER_SET_RESULTS=@@CHARACTER_SET_RESULTS */;
/*!40101 SET @OLD_COLLATION_CONNECTION=@@COLLATION_CONNECTION */;
/*!40101 SET NAMES utf8 */;

--
-- Database: `nx3`
--

--
-- Dumping data for table `core_nx3_activity`
--

INSERT INTO `core_nx3_activity` (`activity_id`, `activity_name`, `activity_code`, `activity_description`, `activity_sql`, `enabled_yn`, `attribute1`, `attribute2`, `attribute3`, `attribute4`, `attribute5`, `attribute6`, `attribute7`, `attribute8`, `attribute9`, `attribute10`, `created_date`, `created_by`, `updated_date`, `updated_by`) VALUES
(1, 'Latest Blogs', 'BLOGS', 'Displays the latest blogs', 'select b.created_date AS activity_datetime, \r\nb.created_by AS user_id , u.display_name AS user_display_name, CONCAT(''blogged about '', b.article_name) AS \r\nactivity_message , ''BLOGS'' AS activity_module , CONCAT((SELECT value FROM @TABLE_PREFIX@nx3_setting WHERE \r\nfield = ''nx3.global.siteurl''), ''article/viewarticle/'', b.article_code, ''/'') AS activity_link, substr(b.article_text, 1, 200) AS activity_summary , ''images/icon_blog.png'' AS activity_icon FROM \r\n@TABLE_PREFIX@nx3_article b JOIN @TABLE_PREFIX@nx3_user u ON u.user_id = b.created_by WHERE b.article_folder_id IN \r\n(SELECT f.article_folder_id FROM @TABLE_PREFIX@nx3_article_folder f WHERE f.article_folder_code = ''BLOGS'') \r\nAND b.article_folder_id IN @ARTICLE_FOLDER_SECURITY@', 'Y', NULL, NULL, NULL, NULL, NULL, NULL, NULL, NULL, NULL, NULL, '1900-01-01 00:00:00', -1, '1900-01-01 00:00:00', -1),
(2, 'Latest Yells', 'YELLS', 'Shows the latest yells from the yell box.', 'select y.created_date AS activity_datetime, \r\n\r\ny.created_by AS user_id, CASE WHEN y.created_by = -1 THEN y.name ELSE u.display_name END AS user_display_name, \r\n\r\n''yelled'' AS activity_message, ''YELL'' AS activity_module, CONCAT((SELECT value FROM \r\n\r\n@TABLE_PREFIX@nx3_setting WHERE field = ''nx3.global.siteurl''), ''yell/'') AS activity_link, comment AS \r\n\r\nactivity_summary, ''images/icon_yell.png'' AS activity_icon FROM @TABLE_PREFIX@nx3_yell y JOIN @TABLE_PREFIX@nx3_user u \r\n\r\nON u.user_id = y.created_by', 'N', NULL, NULL, NULL, NULL, NULL, NULL, NULL, NULL, NULL, NULL, '1900-01-01 00:00:00', -1, '1900-01-01 00:00:00', -1),
(3, 'Twitter Feed', 'TWITTER', 'Grab cached entries from twitter.', 'select fc.pubDate AS activity_datetime,  3 AS user_id, LEFT(fc.title, INSTR(fc.title, '': '') - 1) AS user_display_name,  ''posted on twitter'' AS activity_message, ''FEED EXTERNAL'' AS activity_module, fc.link AS activity_link, SUBSTR(fc.title, INSTR(fc.title, '': '') + 2) AS activity_summary, ''images/icon_feed.png'' AS activity_icon FROM @TABLE_PREFIX@nx3_feed_external_cache fc JOIN @TABLE_PREFIX@nx3_feed_external f ON fc.feed_external_id = f.feed_external_id WHERE f.enabled_yn = ''Y'' AND f.feed_external_code = ''TWITTER'' AND f.feed_external_id IN @FEED_EXTERNAL_SECURITY@', 'N', NULL, NULL, NULL, NULL, NULL, NULL, NULL, NULL, NULL, NULL, '1900-01-01 00:00:00', -1, '1900-01-01 00:00:00', -1),
(4, 'Josh''s Blog Feed', 'JOSH', 'Grab cached entries from Josh posting on Boyter''s site.', 'select fc.pubDate AS activity_datetime, 13 AS user_id, ''josh'' AS user_display_name,  CONCAT(''blogged about '', fc.title) AS activity_message, ''FEED EXTERNAL'' AS activity_module, fc.link AS activity_link, fc.description AS activity_summary, ''images/icon_feed.png'' AS activity_icon FROM @TABLE_PREFIX@nx3_feed_external_cache fc JOIN @TABLE_PREFIX@nx3_feed_external f ON fc.feed_external_id = f.feed_external_id WHERE f.enabled_yn = ''Y'' AND f.feed_external_code = ''JOSH'' AND f.feed_external_id IN @FEED_EXTERNAL_SECURITY@', 'N', NULL, NULL, NULL, NULL, NULL, NULL, NULL, NULL, NULL, NULL, '1900-01-01 00:00:00', -1, '1900-01-01 00:00:00', -1),
(5, 'Latest Article Comments', 'ARTICLE_COMMENTS', 'Display the latest comments users have been making about articles.', 'select ac.created_date AS activity_datetime,  ac.created_by AS user_id, CASE WHEN ac.created_by = -1 THEN ac.attribute1 ELSE u.display_name END AS user_display_name,  CONCAT(''made a comment about '', a.article_name) AS  activity_message , ''ARTICLE COMMENTS'' AS activity_module , CONCAT((SELECT value FROM @TABLE_PREFIX@nx3_setting WHERE  field = ''nx3.global.siteurl''), ''article/viewarticle/'', a.article_code, ''/#article_comment_'', ac.article_comment_id) AS activity_link, substr(ac.comment_text, 1, 200) AS activity_summary , ''images/icon_comment.png'' AS activity_icon FROM  @TABLE_PREFIX@nx3_article_comment ac  JOIN @TABLE_PREFIX@nx3_article a ON ac.article_id = a.article_id JOIN @TABLE_PREFIX@nx3_user u ON u.user_id = ac.created_by WHERE a.article_folder_id IN @ARTICLE_FOLDER_SECURITY@', 'N', NULL, NULL, NULL, NULL, NULL, NULL, NULL, NULL, NULL, NULL, '1900-01-01 00:00:00', -1, '1900-01-01 00:00:00', -1),
(6, 'Boyter''s Blog Feed', 'BOYTER', 'Grab cached entries from Boyter''s site.', 'select fc.pubDate AS activity_datetime, 6 AS user_id, ''boyter'' AS user_display_name,  CONCAT(''blogged about '', fc.title) AS activity_message, ''FEED EXTERNAL'' AS activity_module, fc.link AS activity_link, fc.description AS activity_summary, ''images/icon_feed.png'' AS activity_icon FROM @TABLE_PREFIX@nx3_feed_external_cache fc JOIN @TABLE_PREFIX@nx3_feed_external f ON fc.feed_external_id = f.feed_external_id WHERE f.enabled_yn = ''Y'' AND f.feed_external_code = ''BOYTER'' AND f.feed_external_id IN @FEED_EXTERNAL_SECURITY@', 'N', NULL, NULL, NULL, NULL, NULL, NULL, NULL, NULL, NULL, NULL, '1900-01-01 00:00:00', -1, '1900-01-01 00:00:00', -1),
(7, 'Boyter''s Twitter Feed', 'TWITTER_BOYTER', 'Grab cached entries from twitter.com/boyter.', 'select fc.pubDate AS activity_datetime,  6 AS user_id, LEFT(fc.title, INSTR(fc.title, '': '') - 1) AS user_display_name,  ''posted on twitter'' AS activity_message, ''FEED EXTERNAL'' AS activity_module, fc.link AS activity_link, SUBSTR(fc.title, INSTR(fc.title, '': '') + 2) AS activity_summary, ''images/icon_feed.png'' AS activity_icon FROM @TABLE_PREFIX@nx3_feed_external_cache fc JOIN @TABLE_PREFIX@nx3_feed_external f ON fc.feed_external_id = f.feed_external_id WHERE f.enabled_yn = ''Y'' AND f.feed_external_code = ''TWITTER_BOYTER'' AND f.feed_external_id IN @FEED_EXTERNAL_SECURITY@', 'N', NULL, NULL, NULL, NULL, NULL, NULL, NULL, NULL, NULL, NULL, '1900-01-01 00:00:00', -1, '1900-01-01 00:00:00', -1),
(8, 'Nato''s Twitter Feed', 'TWITTER_NATO', 'Grab cached entries from twitter.com/nconyngham.', 'select fc.pubDate AS activity_datetime,  25 AS user_id, LEFT(fc.title, INSTR(fc.title, '': '') - 1) AS user_display_name,  ''posted on twitter'' AS activity_message, ''FEED EXTERNAL'' AS activity_module, fc.link AS activity_link, SUBSTR(fc.title, INSTR(fc.title, '': '') + 2) AS activity_summary, ''images/icon_feed.png'' AS activity_icon FROM @TABLE_PREFIX@nx3_feed_external_cache fc JOIN @TABLE_PREFIX@nx3_feed_external f ON fc.feed_external_id = f.feed_external_id WHERE f.enabled_yn = ''Y'' AND f.feed_external_code = ''TWITTER_NATO'' AND f.feed_external_id IN @FEED_EXTERNAL_SECURITY@', 'N', NULL, NULL, NULL, NULL, NULL, NULL, NULL, NULL, NULL, NULL, '1900-01-01 00:00:00', -1, '1900-01-01 00:00:00', -1);

--
-- Dumping data for table `core_nx3_activity_security`
--

INSERT INTO `core_nx3_activity_security` (`activity_security_id`, `activity_id`, `group_id`, `attribute1`, `attribute2`, `attribute3`, `attribute4`, `attribute5`, `attribute6`, `attribute7`, `attribute8`, `attribute9`, `attribute10`, `created_date`, `created_by`, `updated_date`, `updated_by`) VALUES
(1, 1, 1, NULL, NULL, NULL, NULL, NULL, NULL, NULL, NULL, NULL, NULL, '1900-01-01 00:00:00', -1, '1900-01-01 00:00:00', -1),
(2, 2, 1, NULL, NULL, NULL, NULL, NULL, NULL, NULL, NULL, NULL, NULL, '1900-01-01 00:00:00', -1, '1900-01-01 00:00:00', -1),
(3, 3, 1, NULL, NULL, NULL, NULL, NULL, NULL, NULL, NULL, NULL, NULL, '1900-01-01 00:00:00', -1, '1900-01-01 00:00:00', -1),
(4, 4, 1, NULL, NULL, NULL, NULL, NULL, NULL, NULL, NULL, NULL, NULL, '1900-01-01 00:00:00', -1, '1900-01-01 00:00:00', -1),
(5, 5, 1, NULL, NULL, NULL, NULL, NULL, NULL, NULL, NULL, NULL, NULL, '1900-01-01 00:00:00', -1, '1900-01-01 00:00:00', -1),
(6, 6, 1, NULL, NULL, NULL, NULL, NULL, NULL, NULL, NULL, NULL, NULL, '1900-01-01 00:00:00', -1, '1900-01-01 00:00:00', -1),
(7, 7, 1, NULL, NULL, NULL, NULL, NULL, NULL, NULL, NULL, NULL, NULL, '1900-01-01 00:00:00', -1, '1900-01-01 00:00:00', -1),
(8, 8, 1, NULL, NULL, NULL, NULL, NULL, NULL, NULL, NULL, NULL, NULL, '1900-01-01 00:00:00', -1, '1900-01-01 00:00:00', -1);

--
-- Dumping data for table `core_nx3_article_folder`
--

INSERT INTO `core_nx3_article_folder` (`article_folder_id`, `article_folder_code`, `article_folder_name`, `parent_article_folder_id`, `show_top_articles`, `order_by`, `hidden_yn`, `deleted_yn`, `attribute1`, `attribute2`, `attribute3`, `attribute4`, `attribute5`, `attribute6`, `attribute7`, `attribute8`, `attribute9`, `attribute10`, `created_date`, `created_by`, `updated_date`, `updated_by`) VALUES
(1, 'HOME', 'Home Folder', 1, 10, 1, 'N', 'N', NULL, NULL, NULL, NULL, NULL, NULL, NULL, NULL, NULL, NULL, '1900-01-01 00:00:00', -1, '1900-01-01 00:00:00', -1),
(2, 'CONTENT', 'Site Content', 1, 10, 1, 'N', 'N', NULL, NULL, NULL, NULL, NULL, NULL, NULL, NULL, NULL, NULL, '1900-01-01 00:00:00', -1, '1900-01-01 00:00:00', -1),
(3, 'BLOGS', 'Blogs', 1, 10, 2, 'N', 'N', NULL, NULL, NULL, NULL, NULL, NULL, NULL, NULL, NULL, NULL, '1900-01-01 00:00:00', -1, '1900-01-01 00:00:00', -1),
(4, 'ARTICLES', 'Articles', 1, 10, 3, 'N', 'N', NULL, NULL, NULL, NULL, NULL, NULL, NULL, NULL, NULL, NULL, '1900-01-01 00:00:00', -1, '1900-01-01 00:00:00', -1);

--
-- Dumping data for table `core_nx3_article_folder_security`
--

INSERT INTO `core_nx3_article_folder_security` (`article_folder_security_id`, `article_folder_id`, `group_id`, `attribute1`, `attribute2`, `attribute3`, `attribute4`, `attribute5`, `attribute6`, `attribute7`, `attribute8`, `attribute9`, `attribute10`, `created_date`, `created_by`, `updated_date`, `updated_by`) VALUES
(1, 1, 2, NULL, NULL, NULL, NULL, NULL, NULL, NULL, NULL, NULL, NULL, '1900-01-01 00:00:00', -1, '1900-01-01 00:00:00', -1),
(2, 2, 1, NULL, NULL, NULL, NULL, NULL, NULL, NULL, NULL, NULL, NULL, '1900-01-01 00:00:00', -1, '1900-01-01 00:00:00', -1),
(3, 3, 2, NULL, NULL, NULL, NULL, NULL, NULL, NULL, NULL, NULL, NULL, '1900-01-01 00:00:00', -1, '1900-01-01 00:00:00', -1),
(4, 4, 2, NULL, NULL, NULL, NULL, NULL, NULL, NULL, NULL, NULL, NULL, '1900-01-01 00:00:00', -1, '1900-01-01 00:00:00', -1),
(9, 4, 1, NULL, NULL, NULL, NULL, NULL, NULL, NULL, NULL, NULL, NULL, '1900-01-01 00:00:00', -1, '1900-01-01 00:00:00', -1),
(11, 3, 1, NULL, NULL, NULL, NULL, NULL, NULL, NULL, NULL, NULL, NULL, '1900-01-01 00:00:00', -1, '1900-01-01 00:00:00', -1);

--
-- Dumping data for table `core_nx3_feed`
--

INSERT INTO `core_nx3_feed` (`feed_id`, `feed_code`, `feed_name`, `feed_description`, `feed_sql`, `enabled_yn`, `attribute1`, `attribute2`, `attribute3`, `attribute4`, `attribute5`, `attribute6`, `attribute7`, `attribute8`, `attribute9`, `attribute10`, `created_date`, `created_by`, `updated_date`, `updated_by`) VALUES
(1, 'BLOG', 'Blog Feed', 'A sample feed to get the latest 5 blogs.', 'SELECT CONCAT((SELECT value FROM @TABLE_PREFIX@nx3_setting WHERE field = ''SITE_URL''), ''index.php/article/viewarticle/'', a.article_code) AS guid, a.article_name AS title, CONCAT((SELECT value FROM @TABLE_PREFIX@nx3_setting WHERE field = ''nx3.global.siteurl''), ''article/viewarticle/'', a.article_code) AS link, replace(substr(a.article_text, 1, 200), ''&'', ''&amp;'') AS description, a.created_date AS pubDate       FROM @TABLE_PREFIX@nx3_article a        JOIN @TABLE_PREFIX@nx3_article_folder af ON a.article_folder_id = af.article_folder_id       WHERE af.article_folder_code = ''BLOGS''       AND a.deleted_yn = ''N'' ORDER BY a.created_date DESC LIMIT 5', 'Y', NULL, NULL, NULL, NULL, NULL, NULL, NULL, NULL, NULL, NULL, '1900-01-01 00:00:00', -1, '1900-01-01 00:00:00', -1),
(4, 'YELL', 'Yell Feed', 'A sample feed to get the latest 32 yells.', 'SELECT concat((select value from @TABLE_PREFIX@nx3_setting WHERE field = ''nx3.global.siteurl''), y.yell_id) AS guid, CASE WHEN y.created_by = -1 THEN y.name ELSE u.display_name END AS title, concat((select value from @TABLE_PREFIX@nx3_setting WHERE field = ''nx3.global.siteurl''), ''yell/'') AS link, replace(y.comment, ''&'', ''&amp;'') AS description, y.created_date AS pubDate       FROM @TABLE_PREFIX@nx3_yell y JOIN @TABLE_PREFIX@nx3_user u ON y.created_by = u.user_id ORDER BY y.created_date DESC LIMIT 32', 'Y', NULL, NULL, NULL, NULL, NULL, NULL, NULL, NULL, NULL, NULL, '1900-01-01 00:00:00', -1, '1900-01-01 00:00:00', -1);

--
-- Dumping data for table `core_nx3_feed_external`
--

INSERT INTO `core_nx3_feed_external` (`feed_external_id`, `feed_external_code`, `feed_external_name`, `feed_external_description`, `feed_external_url`, `last_cache_success`, `last_cache_attempt`, `enabled_yn`, `auto_index_enabled_yn`, `attribute1`, `attribute2`, `attribute3`, `attribute4`, `attribute5`, `attribute6`, `attribute7`, `attribute8`, `attribute9`, `attribute10`, `created_date`, `created_by`, `updated_date`, `updated_by`) VALUES
(1, 'TWITTER', 'Test Twitter Feed', 'A sample feed to twitter.', 'http://www.twitter.com/statuses/user_timeline/48978384.rss', '2010-08-26 20:25:31', '2010-08-26 20:25:30', 'Y', 'Y', NULL, NULL, NULL, NULL, NULL, NULL, NULL, NULL, NULL, NULL, '1900-01-01 00:00:00', -1, '1900-01-01 00:00:00', -1),
(2, 'BOYTER', 'Boyter''s Blog', 'www.boyter.org', 'http://www.boyter.org/rss.php', '2010-08-20 08:20:33', '2010-08-21 16:02:20', 'Y', 'N', NULL, NULL, NULL, NULL, NULL, NULL, NULL, NULL, NULL, NULL, '1900-01-01 00:00:00', -1, '1900-01-01 00:00:00', -1),
(3, 'SAMPLE', 'Sample RSS Feed', '', 'http://www.feedforall.com/sample.xml', '2009-11-17 22:59:55', '2009-11-17 22:59:54', 'Y', 'N', NULL, NULL, NULL, NULL, NULL, NULL, NULL, NULL, NULL, NULL, '1900-01-01 00:00:00', -1, '1900-01-01 00:00:00', -1),
(4, 'JOSH', 'Josh''s Blog', 'www.boyter.org', 'http://www.boyter.org/rss2.php', '2010-08-26 20:25:32', '2010-08-26 20:25:31', 'Y', 'Y', NULL, NULL, NULL, NULL, NULL, NULL, NULL, NULL, NULL, NULL, '1900-01-01 00:00:00', -1, '1900-01-01 00:00:00', -1),
(5, 'BOYTER_YELL', 'Boyter''s Yell', 'www.boyter.org', 'http://www.boyter.org/yell.php', '2010-08-26 20:25:36', '2010-08-26 20:25:36', 'Y', 'Y', NULL, NULL, NULL, NULL, NULL, NULL, NULL, NULL, NULL, NULL, '1900-01-01 00:00:00', -1, '1900-01-01 00:00:00', -1),
(6, 'TWITTER_BOYTER', 'Boyter''s Twitter Feed', '', 'http://twitter.com/statuses/user_timeline/14863890.rss', '2010-08-26 20:25:38', '2010-08-26 20:25:36', 'Y', 'Y', NULL, NULL, NULL, NULL, NULL, NULL, NULL, NULL, NULL, NULL, '1900-01-01 00:00:00', -1, '1900-01-01 00:00:00', -1),
(7, 'TWITTER_NATO', 'Nato''s Twitter Feed', '', 'http://twitter.com/statuses/user_timeline/175000861.rss', '2010-08-26 20:25:39', '2010-08-26 20:25:38', 'Y', 'Y', NULL, NULL, NULL, NULL, NULL, NULL, NULL, NULL, NULL, NULL, '1900-01-01 00:00:00', -1, '1900-01-01 00:00:00', -1);

--
-- Dumping data for table `core_nx3_feed_external_security`
--

INSERT INTO `core_nx3_feed_external_security` (`feed_external_security_id`, `feed_external_id`, `group_id`, `attribute1`, `attribute2`, `attribute3`, `attribute4`, `attribute5`, `attribute6`, `attribute7`, `attribute8`, `attribute9`, `attribute10`, `created_date`, `created_by`, `updated_date`, `updated_by`) VALUES
(1, 1, 1, NULL, NULL, NULL, NULL, NULL, NULL, NULL, NULL, NULL, NULL, '1900-01-01 00:00:00', -1, '1900-01-01 00:00:00', -1),
(2, 2, 1, NULL, NULL, NULL, NULL, NULL, NULL, NULL, NULL, NULL, NULL, '1900-01-01 00:00:00', -1, '1900-01-01 00:00:00', -1),
(3, 3, 1, NULL, NULL, NULL, NULL, NULL, NULL, NULL, NULL, NULL, NULL, '1900-01-01 00:00:00', -1, '1900-01-01 00:00:00', -1),
(4, 4, 1, NULL, NULL, NULL, NULL, NULL, NULL, NULL, NULL, NULL, NULL, '1900-01-01 00:00:00', -1, '1900-01-01 00:00:00', -1),
(5, 5, 1, NULL, NULL, NULL, NULL, NULL, NULL, NULL, NULL, NULL, NULL, '1900-01-01 00:00:00', -1, '1900-01-01 00:00:00', -1),
(6, 6, 1, NULL, NULL, NULL, NULL, NULL, NULL, NULL, NULL, NULL, NULL, '1900-01-01 00:00:00', -1, '1900-01-01 00:00:00', -1),
(7, 7, 1, NULL, NULL, NULL, NULL, NULL, NULL, NULL, NULL, NULL, NULL, '1900-01-01 00:00:00', -1, '1900-01-01 00:00:00', -1);

--
-- Dumping data for table `core_nx3_feed_security`
--

INSERT INTO `core_nx3_feed_security` (`feed_security_id`, `feed_id`, `group_id`, `attribute1`, `attribute2`, `attribute3`, `attribute4`, `attribute5`, `attribute6`, `attribute7`, `attribute8`, `attribute9`, `attribute10`, `created_date`, `created_by`, `updated_date`, `updated_by`) VALUES
(1, 1, 1, NULL, NULL, NULL, NULL, NULL, NULL, NULL, NULL, NULL, NULL, '1900-01-01 00:00:00', -1, '1900-01-01 00:00:00', -1),
(4, 4, 1, NULL, NULL, NULL, NULL, NULL, NULL, NULL, NULL, NULL, NULL, '1900-01-01 00:00:00', -1, '1900-01-01 00:00:00', -1);

--
-- Dumping data for table `core_nx3_group`
--

INSERT INTO `core_nx3_group` (`group_id`, `group_name`, `group_description`, `enabled_yn`, `attribute1`, `attribute2`, `attribute3`, `attribute4`, `attribute5`, `attribute6`, `attribute7`, `attribute8`, `attribute9`, `attribute10`, `created_date`, `created_by`, `updated_date`, `updated_by`) VALUES
(1, 'Guests', 'Users who have no logged in are members of this group.', 'Y', '', '', '', '', '', '', '', '', '', '', '1900-01-01 00:00:00', -1, '1900-01-01 00:00:00', -1),
(2, 'Admins', 'Administrators of the site.', 'Y', '', '', '', '', '', '', '', '', '', '', '1900-01-01 00:00:00', -1, '1900-01-01 00:00:00', -1);

--
-- Dumping data for table `core_nx3_menu`
--

INSERT INTO `core_nx3_menu` (`menu_id`, `menu_code`, `menu_name`, `menu_description`, `attribute1`, `attribute2`, `attribute3`, `attribute4`, `attribute5`, `attribute6`, `attribute7`, `attribute8`, `attribute9`, `attribute10`, `created_date`, `created_by`, `updated_date`, `updated_by`) VALUES
(1, 'MENU', 'Main Menu', 'This is the main menu in the application.', NULL, NULL, NULL, NULL, NULL, NULL, NULL, NULL, NULL, NULL, '1900-01-01 00:00:00', -1, '1900-01-01 00:00:00', -1);

--
-- Dumping data for table `core_nx3_menu_item`
--

INSERT INTO `core_nx3_menu_item` (`menu_item_id`, `menu_id`, `caption`, `link`, `order_by`, `attribute1`, `attribute2`, `attribute3`, `attribute4`, `attribute5`, `attribute6`, `attribute7`, `attribute8`, `attribute9`, `attribute10`, `created_date`, `created_by`, `updated_date`, `updated_by`) VALUES
(1, 1, 'Home', '>#_SITE_URL_#<activity/', 1, NULL, NULL, NULL, NULL, NULL, NULL, NULL, NULL, NULL, NULL, '1900-01-01 00:00:00', -1, '1900-01-01 00:00:00', -1),
(2, 1, 'Blogs', '>#_SITE_URL_#<article/viewtoparticles/BLOGS/0/', 2, NULL, NULL, NULL, NULL, NULL, NULL, NULL, NULL, NULL, NULL, '1900-01-01 00:00:00', -1, '1900-01-01 00:00:00', -1),
(3, 1, 'Yell', '>#_SITE_URL_#<yell/', 3, NULL, NULL, NULL, NULL, NULL, NULL, NULL, NULL, NULL, NULL, '1900-01-01 00:00:00', -1, '1900-01-01 00:00:00', -1),
(4, 1, 'Photos', '>#_SITE_URL_#<photo/', 4, NULL, NULL, NULL, NULL, NULL, NULL, NULL, NULL, NULL, NULL, '1900-01-01 00:00:00', -1, '1900-01-01 00:00:00', -1),
(5, 1, 'About', '>#_SITE_URL_#<article/viewarticle/CONTENT_ABOUT/', 5, NULL, NULL, NULL, NULL, NULL, NULL, NULL, NULL, NULL, NULL, '1900-01-01 00:00:00', -1, '1900-01-01 00:00:00', -1),
(6, 1, 'Contact', '>#_SITE_URL_#<article/viewarticle/CONTENT_CONTACT/', 6, NULL, NULL, NULL, NULL, NULL, NULL, NULL, NULL, NULL, NULL, '1900-01-01 00:00:00', -1, '1900-01-01 00:00:00', -1),
(7, 1, 'Admin', '>#_SITE_URL_#<admincontrolpanel/', 7, NULL, NULL, NULL, NULL, NULL, NULL, NULL, NULL, NULL, NULL, '1900-01-01 00:00:00', -1, '1900-01-01 00:00:00', -1);

--
-- Dumping data for table `core_nx3_menu_item_security`
--

INSERT INTO `core_nx3_menu_item_security` (`menu_item_security_id`, `menu_item_id`, `group_id`, `attribute1`, `attribute2`, `attribute3`, `attribute4`, `attribute5`, `attribute6`, `attribute7`, `attribute8`, `attribute9`, `attribute10`, `created_date`, `created_by`, `updated_date`, `updated_by`) VALUES
(1, 1, 1, NULL, NULL, NULL, NULL, NULL, NULL, NULL, NULL, NULL, NULL, '1900-01-01 00:00:00', -1, '1900-01-01 00:00:00', -1),
(2, 2, 1, NULL, NULL, NULL, NULL, NULL, NULL, NULL, NULL, NULL, NULL, '1900-01-01 00:00:00', -1, '1900-01-01 00:00:00', -1),
(3, 3, 1, NULL, NULL, NULL, NULL, NULL, NULL, NULL, NULL, NULL, NULL, '1900-01-01 00:00:00', -1, '1900-01-01 00:00:00', -1),
(4, 4, 1, NULL, NULL, NULL, NULL, NULL, NULL, NULL, NULL, NULL, NULL, '1900-01-01 00:00:00', -1, '1900-01-01 00:00:00', -1),
(5, 5, 1, NULL, NULL, NULL, NULL, NULL, NULL, NULL, NULL, NULL, NULL, '1900-01-01 00:00:00', -1, '1900-01-01 00:00:00', -1),
(6, 6, 1, NULL, NULL, NULL, NULL, NULL, NULL, NULL, NULL, NULL, NULL, '1900-01-01 00:00:00', -1, '1900-01-01 00:00:00', -1),
(7, 7, 2, NULL, NULL, NULL, NULL, NULL, NULL, NULL, NULL, NULL, NULL, '1900-01-01 00:00:00', -1, '1900-01-01 00:00:00', -1);

--
-- Dumping data for table `core_nx3_module`
--

INSERT INTO `core_nx3_module` (`module_id`, `module_code`, `module_name`, `module_description`, `enabled_yn`, `module_type`, `custom_yn`, `module_file`, `module_order`, `template_file`, `admin_link`, `attribute1`, `attribute2`, `attribute3`, `attribute4`, `attribute5`, `attribute6`, `attribute7`, `attribute8`, `attribute9`, `attribute10`, `created_date`, `created_by`, `updated_date`, `updated_by`) VALUES
(1, 'NX3_AUTH', 'NX3 Authentication Module', 'Authentication Module', 'Y', 'POST', 'N', 'modules/mod_auth.php', 1, NULL, NULL, NULL, NULL, NULL, NULL, NULL, NULL, NULL, NULL, NULL, NULL, '1900-01-01 00:00:00', -1, '1900-01-01 00:00:00', -1),
(2, 'NX3_META', 'NX3 HTML Meta Tags Module', 'HTML Meta Tags Module', 'Y', 'PRE', 'N', 'modules/mod_meta.php', 2, NULL, NULL, NULL, NULL, NULL, NULL, NULL, NULL, NULL, NULL, NULL, NULL, '1900-01-01 00:00:00', -1, '1900-01-01 00:00:00', -1),
(3, 'NX3_MENU', 'NX3 Menu', 'Menu', 'Y', 'POST', 'N', 'modules/mod_menu.php', 10, NULL, NULL, NULL, NULL, NULL, NULL, NULL, NULL, NULL, NULL, NULL, NULL, '1900-01-01 00:00:00', -1, '1900-01-01 00:00:00', -1),
(4, 'NX3_FOOTER', 'NX3 Footer', 'Footer', 'Y', 'POST', 'N', 'modules/mod_footer.php', 2, NULL, NULL, NULL, NULL, NULL, NULL, NULL, NULL, NULL, NULL, NULL, NULL, '1900-01-01 00:00:00', -1, '1900-01-01 00:00:00', -1),
(5, 'NX3_TEMPLATE', 'NX3 Template Loader', 'Module to load templates - CURRENTLY DISABLED.', 'N', 'PRE', 'N', 'modules/mod_template.php', 0, NULL, NULL, NULL, NULL, NULL, NULL, NULL, NULL, NULL, NULL, NULL, NULL, '1900-01-01 00:00:00', -1, '1900-01-01 00:00:00', -1),
(6, 'NX3_PRINT', 'NX3 Printer Friendly Link Generator', 'Printer Friendly Link Generator', 'Y', 'POST', 'N', 'modules/mod_print.php', 1, NULL, NULL, NULL, NULL, NULL, NULL, NULL, NULL, NULL, NULL, NULL, NULL, '1900-01-01 00:00:00', -1, '1900-01-01 00:00:00', -1),
(7, 'res', 'Script - Resource Module', 'Obtains resource from database blob.', 'Y', 'SCRIPT', 'N', 'scripts/script_res.php', 1, NULL, NULL, NULL, NULL, NULL, NULL, NULL, NULL, NULL, NULL, NULL, NULL, '1900-01-01 00:00:00', -1, '1900-01-01 00:00:00', -1),
(8, 'default', 'Content - Default Module', 'NX3 Default Module', 'Y', 'CONTENT', 'N', 'content/content_default.php', 1, 'content_default.tpl', NULL, NULL, NULL, NULL, NULL, NULL, NULL, NULL, NULL, NULL, NULL, '1900-01-01 00:00:00', -1, '1900-01-01 00:00:00', -1),
(9, 'NX3_HEADER', 'NX3 Header', 'Page Header', 'Y', 'POST', 'N', 'modules/mod_header.php', 3, NULL, NULL, NULL, NULL, NULL, NULL, NULL, NULL, NULL, NULL, NULL, NULL, '1900-01-01 00:00:00', -1, '1900-01-01 00:00:00', -1),
(10, 'news', 'Content - News Module', 'Standard NX3 News Module', 'Y', 'CONTENT', 'N', 'content/content_news.php', 1, NULL, NULL, NULL, NULL, NULL, NULL, NULL, NULL, NULL, NULL, NULL, NULL, '1900-01-01 00:00:00', -1, '1900-01-01 00:00:00', -1),
(11, 'NX3_TITLE', 'NX3 Title Module', 'Page Title Module', 'Y', 'PRE', 'N', 'modules/mod_title.php', 5, NULL, NULL, NULL, NULL, NULL, NULL, NULL, NULL, NULL, NULL, NULL, NULL, '1900-01-01 00:00:00', -1, '1900-01-01 00:00:00', -1),
(12, 'NX3_SMILIES', 'NX3 Smilies Module', 'Replaces :) and :P with smiley image', 'N', 'POST', 'N', 'modules/mod_smilies.php', 20, NULL, NULL, NULL, NULL, NULL, NULL, NULL, NULL, NULL, NULL, NULL, NULL, '1900-01-01 00:00:00', -1, '1900-01-01 00:00:00', -1),
(13, 'yell', 'Content - Yell Module', 'Standard NX3 Yell Module', 'Y', 'CONTENT', 'N', 'content/content_yell.php', 1, 'content_yell.tpl', NULL, NULL, NULL, NULL, NULL, NULL, NULL, NULL, NULL, NULL, NULL, '1900-01-01 00:00:00', -1, '1900-01-01 00:00:00', -1),
(14, 'debug', 'Content - Debug Module', 'NX3 Debug Module', 'Y', 'CONTENT', 'N', 'content/content_debug.php', 1, 'content_debug.tpl', NULL, NULL, NULL, NULL, NULL, NULL, NULL, NULL, NULL, NULL, NULL, '1900-01-01 00:00:00', -1, '1900-01-01 00:00:00', -1),
(15, 'NX3_YELL', 'NX3 Yell Box Module', 'Yell Box Module', 'Y', 'POST', 'N', 'modules/mod_yell.php', 6, NULL, NULL, NULL, NULL, NULL, NULL, NULL, NULL, NULL, NULL, NULL, NULL, '1900-01-01 00:00:00', -1, '1900-01-01 00:00:00', -1),
(16, 'NX3_RANDOM_PIC', 'NX3 Random Photo', 'Random Photo Module', 'N', 'PRE', 'N', 'modules/mod_random_photo.php', 7, NULL, NULL, NULL, NULL, NULL, NULL, NULL, NULL, NULL, NULL, NULL, NULL, '1900-01-01 00:00:00', -1, '1900-01-01 00:00:00', -1),
(17, 'NX3_LATEST_NEWS', 'NX3 Latest News Module', 'Latest News / Blogs', 'Y', 'PRE', 'N', 'modules/mod_latest_news.php', 8, NULL, NULL, NULL, NULL, NULL, NULL, NULL, NULL, NULL, NULL, NULL, NULL, '1900-01-01 00:00:00', -1, '1900-01-01 00:00:00', -1),
(18, 'NX3_TEMPLATE_SELECTOR', 'NX3 Template Selector Module', 'Allows users to select a template from the available list of templates.', 'N', 'PRE', 'N', 'modules/mod_template_selector.php', 9, NULL, NULL, NULL, NULL, NULL, NULL, NULL, NULL, NULL, NULL, NULL, NULL, '1900-01-01 00:00:00', -1, '1900-01-01 00:00:00', -1),
(19, 'login', 'Content - Login Module', 'Provides ability to log in and out of the system.', 'Y', 'CONTENT', 'N', 'content/content_login.php', 1, 'content_login.tpl', NULL, NULL, NULL, NULL, NULL, NULL, NULL, NULL, NULL, NULL, NULL, '1900-01-01 00:00:00', -1, '1900-01-01 00:00:00', -1),
(20, 'admincontrolpanel', 'Admin Control Panel', 'Administrative control panel (main menu).', 'Y', 'CONTENT', 'N', 'content/content_admincontrolpanel.php', 1, 'content_admincontrolpanel.tpl', NULL, NULL, NULL, NULL, NULL, NULL, NULL, NULL, NULL, NULL, NULL, '1900-01-01 00:00:00', -1, '1900-01-01 00:00:00', -1),
(21, 'article', 'Article Content Module', 'Provides the ability to view articles, article folders and article comments.', 'Y', 'CONTENT', 'N', 'content/content_article.php', 1, 'content_article.tpl', NULL, NULL, NULL, NULL, NULL, NULL, NULL, NULL, NULL, NULL, NULL, '1900-01-01 00:00:00', -1, '1900-01-01 00:00:00', -1),
(22, 'feedexternal', 'RSS Feed Module', 'Extracts external RSS feeds for consumption on the nx3 site or generates RSS feeds for users.', 'Y', 'CONTENT', 'N', 'content/content_feedexternal.php', 1, 'content_feedexternal.tpl', NULL, NULL, NULL, NULL, NULL, NULL, NULL, NULL, NULL, NULL, NULL, '1900-01-01 00:00:00', -1, '1900-01-01 00:00:00', -1),
(23, 'feed', 'RSS Feed Generator Module', 'Creates an RSS feed based on a SQL query.', 'Y', 'SCRIPT', 'N', 'scripts/script_feed.php', 1, 'script_feed.tpl', NULL, NULL, NULL, NULL, NULL, NULL, NULL, NULL, NULL, NULL, NULL, '1900-01-01 00:00:00', -1, '1900-01-01 00:00:00', -1),
(24, 'activity', 'Activity', 'Provides a graphical representation of recent activity on the site.', 'Y', 'CONTENT', 'N', 'content/content_activity.php', 1, 'content_activity.tpl', NULL, NULL, NULL, NULL, NULL, NULL, NULL, NULL, NULL, NULL, NULL, '1900-01-01 00:00:00', -1, '1900-01-01 00:00:00', -1),
(25, 'avatar', 'Avatar', 'Provides the ability to deliver a user''s avatar which has been stored in the database as a BLOB.', 'Y', 'SCRIPT', 'N', 'scripts/script_avatar.php', 1, NULL, NULL, NULL, NULL, NULL, NULL, NULL, NULL, NULL, NULL, NULL, NULL, '1900-01-01 00:00:00', -1, '1900-01-01 00:00:00', -1),
(26, 'NX3_SITE_URL', 'Site URL', 'Adds the site URL to links in the page.', 'Y', 'POST', 'N', 'modules/mod_site_url.php', 30, NULL, NULL, NULL, NULL, NULL, NULL, NULL, NULL, NULL, NULL, NULL, NULL, '1900-01-01 00:00:00', -1, '1900-01-01 00:00:00', -1),
(27, 'NX3_RSS_FEEDS', 'RSS Feeds List', 'Adds the list of available RSS feeds into the <HEAD> tag of the template.', 'Y', 'PRE', 'N', 'modules/mod_rss_feeds.php', 5, NULL, NULL, NULL, NULL, NULL, NULL, NULL, NULL, NULL, NULL, NULL, NULL, '1900-01-01 00:00:00', -1, '1900-01-01 00:00:00', -1),
(28, 'photogalleryxml', 'Photo Gallery XML', 'Generates the content of a gallery.xml file to import into SimpleViewer (flash-based photo album viewer).', 'Y', 'SCRIPT', 'N', 'scripts/script_photo_gallery_xml.php', 1, 'script_photo_gallery_xml.tpl', NULL, NULL, NULL, NULL, NULL, NULL, NULL, NULL, NULL, NULL, NULL, '1900-01-01 00:00:00', -1, '1900-01-01 00:00:00', -1),
(29, 'photo', 'Photo', 'A basic photo album implementation using SimpleViewer.', 'Y', 'CONTENT', 'N', 'content/content_photo.php', 1, 'content_photo.tpl', NULL, NULL, NULL, NULL, NULL, NULL, NULL, NULL, NULL, NULL, NULL, '1900-01-01 00:00:00', -1, '1900-01-01 00:00:00', -1),
(30, 'NX3_AUTO_CACHE', 'Auto Cache Module', 'Auto caches things like external feeds or search indexes every AUTO_CACHE_FREQUENCY minutes.', 'Y', 'PRE', 'N', 'modules/mod_auto_cache.php', 3, NULL, NULL, NULL, NULL, NULL, NULL, NULL, NULL, NULL, NULL, NULL, NULL, '1900-01-01 00:00:00', -1, '1900-01-01 00:00:00', -1),
(31, 'profile', 'NX3 User Profile Viewer', 'View a user''s profile', 'Y', 'CONTENT', 'N', 'content/content_profile.php', 1, 'content_profile.tpl', NULL, NULL, NULL, NULL, NULL, NULL, NULL, NULL, NULL, NULL, NULL, '1900-01-01 00:00:00', -1, '1900-01-01 00:00:00', -1),
(32, 'NX3_ONLINE', 'Online User Stats', 'Shows how many guests and registered users are online.', 'Y', 'POST', 'N', 'modules/mod_online.php', 8, NULL, NULL, NULL, NULL, NULL, NULL, NULL, NULL, NULL, NULL, NULL, NULL, '1900-01-01 00:00:00', -1, '1900-01-01 00:00:00', -1),
(33, 'online', 'Online User List', 'Admin module to show online users', 'Y', 'CONTENT', 'N', 'content/content_online.php', 1, 'content_online.tpl', 'online/', NULL, NULL, NULL, NULL, NULL, NULL, NULL, NULL, NULL, NULL, '1900-01-01 00:00:00', -1, '1900-01-01 00:00:00', -1),
(34, 'search', 'Search', 'Basic site-wide search engine', 'Y', 'CONTENT', 'N', 'content/content_search.php', 1, 'content_search.tpl', NULL, NULL, NULL, NULL, NULL, NULL, NULL, NULL, NULL, NULL, NULL, '1900-01-01 00:00:00', -1, '1900-01-01 00:00:00', -1),
(35, 'articleattachment', 'Article Attachments', 'Delivers article attachments to the user.', 'Y', 'SCRIPT', 'N', 'scripts/script_article_attachment.php', 1, NULL, NULL, NULL, NULL, NULL, NULL, NULL, NULL, NULL, NULL, NULL, NULL, '1900-01-01 00:00:00', -1, '1900-01-01 00:00:00', -1),
(37, 'adminlogviewer', 'View Usage Logs', 'Admin module to view usage logs', 'Y', 'CONTENT', 'N', 'content/content_adminlogviewer.php', 1, 'content_adminlogviewer.tpl', 'adminlogviewer/', NULL, NULL, NULL, NULL, NULL, NULL, NULL, NULL, NULL, NULL, '1900-01-01 00:00:00', -1, '1900-01-01 00:00:00', -1),
(38, 'adminsettings', 'Admin Settings', 'Admin module to edit site settings', 'Y', 'CONTENT', 'N', 'content/content_adminsettings.php', 1, 'content_adminsettings.tpl', 'adminsettings/', NULL, NULL, NULL, NULL, NULL, NULL, NULL, NULL, NULL, NULL, '1900-01-01 00:00:00', -1, '1900-01-01 00:00:00', -1),
(39, 'adminres', 'Admin Resources', 'Admin module to edit site resources', 'Y', 'CONTENT', 'N', 'content/content_adminres.php', 1, 'content_adminres.tpl', 'adminres/', NULL, NULL, NULL, NULL, NULL, NULL, NULL, NULL, NULL, NULL, '1900-01-01 00:00:00', -1, '1900-01-01 00:00:00', -1),
(40, 'adminactivity', 'Admin Activity', 'Admin module to edit activity page', 'Y', 'CONTENT', 'N', 'content/content_adminactivity.php', 1, 'content_adminactivity.tpl', 'adminactivity/', NULL, NULL, NULL, NULL, NULL, NULL, NULL, NULL, NULL, NULL, '1900-01-01 00:00:00', -1, '1900-01-01 00:00:00', -1),
(41, 'adminfeed', 'Admin Feeds', 'Admin module to edit RSS and external feeds', 'Y', 'CONTENT', 'N', 'content/content_adminfeed.php', 1, 'content_adminfeed.tpl', 'adminfeed/', NULL, NULL, NULL, NULL, NULL, NULL, NULL, NULL, NULL, NULL, '1900-01-01 00:00:00', -1, '1900-01-01 00:00:00', -1),
(42, 'adminsecurity', 'Admin Security', 'Admin module to manage users and groups', 'Y', 'CONTENT', 'N', 'content/content_adminsecurity.php', 1, 'content_adminsecurity.tpl', 'adminsecurity/', NULL, NULL, NULL, NULL, NULL, NULL, NULL, NULL, NULL, NULL, '1900-01-01 00:00:00', -1, '1900-01-01 00:00:00', -1),
(43, 'adminphoto', 'Admin Photo Galleries', 'Admin module to edit photo galleries and upload photos', 'Y', 'CONTENT', 'N', 'content/content_adminphoto.php', 1, 'content_adminphoto.tpl', 'adminphoto/', NULL, NULL, NULL, NULL, NULL, NULL, NULL, NULL, NULL, NULL, '1900-01-01 00:00:00', -1, '1900-01-01 00:00:00', -1),
(44, 'adminmenu', 'Admin Menus', 'Admin module to edit menus', 'Y', 'CONTENT', 'N', 'content/content_adminmenu.php', 1, 'content_adminmenu.tpl', 'adminmenu/', NULL, NULL, NULL, NULL, NULL, NULL, NULL, NULL, NULL, NULL, '1900-01-01 00:00:00', -1, '1900-01-01 00:00:00', -1),
(45, 'adminsmilies', 'Admin Smilies', 'Admin module to edit smilies', 'Y', 'CONTENT', 'N', 'content/content_adminsmilies.php', 1, 'content_adminsmilies.tpl', 'adminsmilies/', NULL, NULL, NULL, NULL, NULL, NULL, NULL, NULL, NULL, NULL, '1900-01-01 00:00:00', -1, '1900-01-01 00:00:00', -1),
(46, 'adminarticle', 'Admin Articles', 'Admin module to manage articles', 'Y', 'CONTENT', 'N', 'content/content_adminarticle.php', 1, 'content_adminarticle.tpl', 'adminarticle/', NULL, NULL, NULL, NULL, NULL, NULL, NULL, NULL, NULL, NULL, '1900-01-01 00:00:00', -1, '1900-01-01 00:00:00', -1),
(47, 'adminmaintenance', 'Admin Maintenance', 'Admin module to run miscellaneous processes.', 'Y', 'CONTENT', 'N', 'content/content_adminmaintenance.php', 1, 'content_adminmaintenance.tpl', 'adminmaintenance/', NULL, NULL, NULL, NULL, NULL, NULL, NULL, NULL, NULL, NULL, '1900-01-01 00:00:00', -1, '1900-01-01 00:00:00', -1);

--
-- Dumping data for table `core_nx3_module_security`
--

INSERT INTO `core_nx3_module_security` (`module_security_id`, `module_id`, `group_id`, `attribute1`, `attribute2`, `attribute3`, `attribute4`, `attribute5`, `attribute6`, `attribute7`, `attribute8`, `attribute9`, `attribute10`, `created_date`, `created_by`, `updated_date`, `updated_by`) VALUES
(1, 14, 2, NULL, NULL, NULL, NULL, NULL, NULL, NULL, NULL, NULL, NULL, '1900-01-01 00:00:00', -1, '1900-01-01 00:00:00', -1),
(2, 19, 1, NULL, NULL, NULL, NULL, NULL, NULL, NULL, NULL, NULL, NULL, '1900-01-01 00:00:00', -1, '1900-01-01 00:00:00', -1),
(3, 8, 1, NULL, NULL, NULL, NULL, NULL, NULL, NULL, NULL, NULL, NULL, '1900-01-01 00:00:00', -1, '1900-01-01 00:00:00', -1),
(4, 20, 2, NULL, NULL, NULL, NULL, NULL, NULL, NULL, NULL, NULL, NULL, '1900-01-01 00:00:00', -1, '1900-01-01 00:00:00', -1),
(5, 21, 1, NULL, NULL, NULL, NULL, NULL, NULL, NULL, NULL, NULL, NULL, '1900-01-01 00:00:00', -1, '1900-01-01 00:00:00', -1),
(6, 22, 1, NULL, NULL, NULL, NULL, NULL, NULL, NULL, NULL, NULL, NULL, '1900-01-01 00:00:00', -1, '1900-01-01 00:00:00', -1),
(7, 23, 1, NULL, NULL, NULL, NULL, NULL, NULL, NULL, NULL, NULL, NULL, '1900-01-01 00:00:00', -1, '1900-01-01 00:00:00', -1),
(8, 24, 1, NULL, NULL, NULL, NULL, NULL, NULL, NULL, NULL, NULL, NULL, '1900-01-01 00:00:00', -1, '1900-01-01 00:00:00', -1),
(9, 13, 1, NULL, NULL, NULL, NULL, NULL, NULL, NULL, NULL, NULL, NULL, '1900-01-01 00:00:00', -1, '1900-01-01 00:00:00', -1),
(10, 25, 1, NULL, NULL, NULL, NULL, NULL, NULL, NULL, NULL, NULL, NULL, '1900-01-01 00:00:00', -1, '1900-01-01 00:00:00', -1),
(11, 28, 1, NULL, NULL, NULL, NULL, NULL, NULL, NULL, NULL, NULL, NULL, '1900-01-01 00:00:00', -1, '1900-01-01 00:00:00', -1),
(12, 29, 1, NULL, NULL, NULL, NULL, NULL, NULL, NULL, NULL, NULL, NULL, '1900-01-01 00:00:00', -1, '1900-01-01 00:00:00', -1),
(13, 31, 1, NULL, NULL, NULL, NULL, NULL, NULL, NULL, NULL, NULL, NULL, '1900-01-01 00:00:00', -1, '1900-01-01 00:00:00', -1),
(14, 33, 1, NULL, NULL, NULL, NULL, NULL, NULL, NULL, NULL, NULL, NULL, '1900-01-01 00:00:00', -1, '1900-01-01 00:00:00', -1),
(15, 34, 1, NULL, NULL, NULL, NULL, NULL, NULL, NULL, NULL, NULL, NULL, '1900-01-01 00:00:00', -1, '1900-01-01 00:00:00', -1),
(16, 7, 1, NULL, NULL, NULL, NULL, NULL, NULL, NULL, NULL, NULL, NULL, '1900-01-01 00:00:00', -1, '1900-01-01 00:00:00', -1),
(17, 35, 1, NULL, NULL, NULL, NULL, NULL, NULL, NULL, NULL, NULL, NULL, '1900-01-01 00:00:00', -1, '1900-01-01 00:00:00', -1),
(19, 37, 2, NULL, NULL, NULL, NULL, NULL, NULL, NULL, NULL, NULL, NULL, '1900-01-01 00:00:00', -1, '1900-01-01 00:00:00', -1),
(20, 38, 2, NULL, NULL, NULL, NULL, NULL, NULL, NULL, NULL, NULL, NULL, '1900-01-01 00:00:00', -1, '1900-01-01 00:00:00', -1),
(21, 39, 2, NULL, NULL, NULL, NULL, NULL, NULL, NULL, NULL, NULL, NULL, '1900-01-01 00:00:00', -1, '1900-01-01 00:00:00', -1),
(22, 40, 2, NULL, NULL, NULL, NULL, NULL, NULL, NULL, NULL, NULL, NULL, '1900-01-01 00:00:00', -1, '1900-01-01 00:00:00', -1),
(23, 41, 2, NULL, NULL, NULL, NULL, NULL, NULL, NULL, NULL, NULL, NULL, '1900-01-01 00:00:00', -1, '1900-01-01 00:00:00', -1),
(24, 42, 2, NULL, NULL, NULL, NULL, NULL, NULL, NULL, NULL, NULL, NULL, '1900-01-01 00:00:00', -1, '1900-01-01 00:00:00', -1),
(25, 43, 2, NULL, NULL, NULL, NULL, NULL, NULL, NULL, NULL, NULL, NULL, '1900-01-01 00:00:00', -1, '1900-01-01 00:00:00', -1),
(26, 44, 2, NULL, NULL, NULL, NULL, NULL, NULL, NULL, NULL, NULL, NULL, '1900-01-01 00:00:00', -1, '1900-01-01 00:00:00', -1),
(27, 45, 2, NULL, NULL, NULL, NULL, NULL, NULL, NULL, NULL, NULL, NULL, '1900-01-01 00:00:00', -1, '1900-01-01 00:00:00', -1),
(28, 46, 2, NULL, NULL, NULL, NULL, NULL, NULL, NULL, NULL, NULL, NULL, '1900-01-01 00:00:00', -1, '1900-01-01 00:00:00', -1),
(29, 47, 2, NULL, NULL, NULL, NULL, NULL, NULL, NULL, NULL, NULL, NULL, '1900-01-01 00:00:00', -1, '1900-01-01 00:00:00', -1);

--
-- Dumping data for table `core_nx3_search_stop_word`
--

INSERT INTO `core_nx3_search_stop_word` (`stop_word_id`, `stop_word`, `enabled_yn`, `attribute1`, `attribute2`, `attribute3`, `attribute4`, `attribute5`, `attribute6`, `attribute7`, `attribute8`, `attribute9`, `attribute10`, `created_date`, `created_by`, `updated_date`, `updated_by`) VALUES
(1, 'a', 'Y', NULL, NULL, NULL, NULL, NULL, NULL, NULL, NULL, NULL, NULL, '1900-01-01 00:00:00', -1, '1900-01-01 00:00:00', -1),
(2, 'able', 'Y', NULL, NULL, NULL, NULL, NULL, NULL, NULL, NULL, NULL, NULL, '1900-01-01 00:00:00', -1, '1900-01-01 00:00:00', -1),
(3, 'about', 'Y', NULL, NULL, NULL, NULL, NULL, NULL, NULL, NULL, NULL, NULL, '1900-01-01 00:00:00', -1, '1900-01-01 00:00:00', -1),
(4, 'above', 'Y', NULL, NULL, NULL, NULL, NULL, NULL, NULL, NULL, NULL, NULL, '1900-01-01 00:00:00', -1, '1900-01-01 00:00:00', -1),
(5, 'abroad', 'Y', NULL, NULL, NULL, NULL, NULL, NULL, NULL, NULL, NULL, NULL, '1900-01-01 00:00:00', -1, '1900-01-01 00:00:00', -1),
(6, 'according', 'Y', NULL, NULL, NULL, NULL, NULL, NULL, NULL, NULL, NULL, NULL, '1900-01-01 00:00:00', -1, '1900-01-01 00:00:00', -1),
(7, 'accordingly', 'Y', NULL, NULL, NULL, NULL, NULL, NULL, NULL, NULL, NULL, NULL, '1900-01-01 00:00:00', -1, '1900-01-01 00:00:00', -1),
(8, 'across', 'Y', NULL, NULL, NULL, NULL, NULL, NULL, NULL, NULL, NULL, NULL, '1900-01-01 00:00:00', -1, '1900-01-01 00:00:00', -1),
(9, 'actually', 'Y', NULL, NULL, NULL, NULL, NULL, NULL, NULL, NULL, NULL, NULL, '1900-01-01 00:00:00', -1, '1900-01-01 00:00:00', -1),
(10, 'adj', 'Y', NULL, NULL, NULL, NULL, NULL, NULL, NULL, NULL, NULL, NULL, '1900-01-01 00:00:00', -1, '1900-01-01 00:00:00', -1),
(11, 'after', 'Y', NULL, NULL, NULL, NULL, NULL, NULL, NULL, NULL, NULL, NULL, '1900-01-01 00:00:00', -1, '1900-01-01 00:00:00', -1),
(12, 'afterwards', 'Y', NULL, NULL, NULL, NULL, NULL, NULL, NULL, NULL, NULL, NULL, '1900-01-01 00:00:00', -1, '1900-01-01 00:00:00', -1),
(13, 'again', 'Y', NULL, NULL, NULL, NULL, NULL, NULL, NULL, NULL, NULL, NULL, '1900-01-01 00:00:00', -1, '1900-01-01 00:00:00', -1),
(14, 'against', 'Y', NULL, NULL, NULL, NULL, NULL, NULL, NULL, NULL, NULL, NULL, '1900-01-01 00:00:00', -1, '1900-01-01 00:00:00', -1),
(15, 'ago', 'Y', NULL, NULL, NULL, NULL, NULL, NULL, NULL, NULL, NULL, NULL, '1900-01-01 00:00:00', -1, '1900-01-01 00:00:00', -1),
(16, 'ahead', 'Y', NULL, NULL, NULL, NULL, NULL, NULL, NULL, NULL, NULL, NULL, '1900-01-01 00:00:00', -1, '1900-01-01 00:00:00', -1),
(17, 'ain''t', 'Y', NULL, NULL, NULL, NULL, NULL, NULL, NULL, NULL, NULL, NULL, '1900-01-01 00:00:00', -1, '1900-01-01 00:00:00', -1),
(18, 'all', 'Y', NULL, NULL, NULL, NULL, NULL, NULL, NULL, NULL, NULL, NULL, '1900-01-01 00:00:00', -1, '1900-01-01 00:00:00', -1),
(19, 'allow', 'Y', NULL, NULL, NULL, NULL, NULL, NULL, NULL, NULL, NULL, NULL, '1900-01-01 00:00:00', -1, '1900-01-01 00:00:00', -1),
(20, 'allows', 'Y', NULL, NULL, NULL, NULL, NULL, NULL, NULL, NULL, NULL, NULL, '1900-01-01 00:00:00', -1, '1900-01-01 00:00:00', -1),
(21, 'almost', 'Y', NULL, NULL, NULL, NULL, NULL, NULL, NULL, NULL, NULL, NULL, '1900-01-01 00:00:00', -1, '1900-01-01 00:00:00', -1),
(22, 'alone', 'Y', NULL, NULL, NULL, NULL, NULL, NULL, NULL, NULL, NULL, NULL, '1900-01-01 00:00:00', -1, '1900-01-01 00:00:00', -1),
(23, 'along', 'Y', NULL, NULL, NULL, NULL, NULL, NULL, NULL, NULL, NULL, NULL, '1900-01-01 00:00:00', -1, '1900-01-01 00:00:00', -1),
(24, 'alongside', 'Y', NULL, NULL, NULL, NULL, NULL, NULL, NULL, NULL, NULL, NULL, '1900-01-01 00:00:00', -1, '1900-01-01 00:00:00', -1),
(25, 'already', 'Y', NULL, NULL, NULL, NULL, NULL, NULL, NULL, NULL, NULL, NULL, '1900-01-01 00:00:00', -1, '1900-01-01 00:00:00', -1),
(26, 'also', 'Y', NULL, NULL, NULL, NULL, NULL, NULL, NULL, NULL, NULL, NULL, '1900-01-01 00:00:00', -1, '1900-01-01 00:00:00', -1),
(27, 'although', 'Y', NULL, NULL, NULL, NULL, NULL, NULL, NULL, NULL, NULL, NULL, '1900-01-01 00:00:00', -1, '1900-01-01 00:00:00', -1),
(28, 'always', 'Y', NULL, NULL, NULL, NULL, NULL, NULL, NULL, NULL, NULL, NULL, '1900-01-01 00:00:00', -1, '1900-01-01 00:00:00', -1),
(29, 'am', 'Y', NULL, NULL, NULL, NULL, NULL, NULL, NULL, NULL, NULL, NULL, '1900-01-01 00:00:00', -1, '1900-01-01 00:00:00', -1),
(30, 'amid', 'Y', NULL, NULL, NULL, NULL, NULL, NULL, NULL, NULL, NULL, NULL, '1900-01-01 00:00:00', -1, '1900-01-01 00:00:00', -1),
(31, 'amidst', 'Y', NULL, NULL, NULL, NULL, NULL, NULL, NULL, NULL, NULL, NULL, '1900-01-01 00:00:00', -1, '1900-01-01 00:00:00', -1),
(32, 'among', 'Y', NULL, NULL, NULL, NULL, NULL, NULL, NULL, NULL, NULL, NULL, '1900-01-01 00:00:00', -1, '1900-01-01 00:00:00', -1),
(33, 'amongst', 'Y', NULL, NULL, NULL, NULL, NULL, NULL, NULL, NULL, NULL, NULL, '1900-01-01 00:00:00', -1, '1900-01-01 00:00:00', -1),
(34, 'an', 'Y', NULL, NULL, NULL, NULL, NULL, NULL, NULL, NULL, NULL, NULL, '1900-01-01 00:00:00', -1, '1900-01-01 00:00:00', -1),
(35, 'and', 'Y', NULL, NULL, NULL, NULL, NULL, NULL, NULL, NULL, NULL, NULL, '1900-01-01 00:00:00', -1, '1900-01-01 00:00:00', -1),
(36, 'another', 'Y', NULL, NULL, NULL, NULL, NULL, NULL, NULL, NULL, NULL, NULL, '1900-01-01 00:00:00', -1, '1900-01-01 00:00:00', -1),
(37, 'any', 'Y', NULL, NULL, NULL, NULL, NULL, NULL, NULL, NULL, NULL, NULL, '1900-01-01 00:00:00', -1, '1900-01-01 00:00:00', -1),
(38, 'anybody', 'Y', NULL, NULL, NULL, NULL, NULL, NULL, NULL, NULL, NULL, NULL, '1900-01-01 00:00:00', -1, '1900-01-01 00:00:00', -1),
(39, 'anyhow', 'Y', NULL, NULL, NULL, NULL, NULL, NULL, NULL, NULL, NULL, NULL, '1900-01-01 00:00:00', -1, '1900-01-01 00:00:00', -1),
(40, 'anyone', 'Y', NULL, NULL, NULL, NULL, NULL, NULL, NULL, NULL, NULL, NULL, '1900-01-01 00:00:00', -1, '1900-01-01 00:00:00', -1),
(41, 'anything', 'Y', NULL, NULL, NULL, NULL, NULL, NULL, NULL, NULL, NULL, NULL, '1900-01-01 00:00:00', -1, '1900-01-01 00:00:00', -1),
(42, 'anyway', 'Y', NULL, NULL, NULL, NULL, NULL, NULL, NULL, NULL, NULL, NULL, '1900-01-01 00:00:00', -1, '1900-01-01 00:00:00', -1),
(43, 'anyways', 'Y', NULL, NULL, NULL, NULL, NULL, NULL, NULL, NULL, NULL, NULL, '1900-01-01 00:00:00', -1, '1900-01-01 00:00:00', -1),
(44, 'anywhere', 'Y', NULL, NULL, NULL, NULL, NULL, NULL, NULL, NULL, NULL, NULL, '1900-01-01 00:00:00', -1, '1900-01-01 00:00:00', -1),
(45, 'apart', 'Y', NULL, NULL, NULL, NULL, NULL, NULL, NULL, NULL, NULL, NULL, '1900-01-01 00:00:00', -1, '1900-01-01 00:00:00', -1),
(46, 'appear', 'Y', NULL, NULL, NULL, NULL, NULL, NULL, NULL, NULL, NULL, NULL, '1900-01-01 00:00:00', -1, '1900-01-01 00:00:00', -1),
(47, 'appreciate', 'Y', NULL, NULL, NULL, NULL, NULL, NULL, NULL, NULL, NULL, NULL, '1900-01-01 00:00:00', -1, '1900-01-01 00:00:00', -1),
(48, 'appropriate', 'Y', NULL, NULL, NULL, NULL, NULL, NULL, NULL, NULL, NULL, NULL, '1900-01-01 00:00:00', -1, '1900-01-01 00:00:00', -1),
(49, 'are', 'Y', NULL, NULL, NULL, NULL, NULL, NULL, NULL, NULL, NULL, NULL, '1900-01-01 00:00:00', -1, '1900-01-01 00:00:00', -1),
(50, 'aren''t', 'Y', NULL, NULL, NULL, NULL, NULL, NULL, NULL, NULL, NULL, NULL, '1900-01-01 00:00:00', -1, '1900-01-01 00:00:00', -1),
(51, 'around', 'Y', NULL, NULL, NULL, NULL, NULL, NULL, NULL, NULL, NULL, NULL, '1900-01-01 00:00:00', -1, '1900-01-01 00:00:00', -1),
(52, 'as', 'Y', NULL, NULL, NULL, NULL, NULL, NULL, NULL, NULL, NULL, NULL, '1900-01-01 00:00:00', -1, '1900-01-01 00:00:00', -1),
(53, 'a''s', 'Y', NULL, NULL, NULL, NULL, NULL, NULL, NULL, NULL, NULL, NULL, '1900-01-01 00:00:00', -1, '1900-01-01 00:00:00', -1),
(54, 'aside', 'Y', NULL, NULL, NULL, NULL, NULL, NULL, NULL, NULL, NULL, NULL, '1900-01-01 00:00:00', -1, '1900-01-01 00:00:00', -1),
(55, 'ask', 'Y', NULL, NULL, NULL, NULL, NULL, NULL, NULL, NULL, NULL, NULL, '1900-01-01 00:00:00', -1, '1900-01-01 00:00:00', -1),
(56, 'asking', 'Y', NULL, NULL, NULL, NULL, NULL, NULL, NULL, NULL, NULL, NULL, '1900-01-01 00:00:00', -1, '1900-01-01 00:00:00', -1),
(57, 'associated', 'Y', NULL, NULL, NULL, NULL, NULL, NULL, NULL, NULL, NULL, NULL, '1900-01-01 00:00:00', -1, '1900-01-01 00:00:00', -1),
(58, 'at', 'Y', NULL, NULL, NULL, NULL, NULL, NULL, NULL, NULL, NULL, NULL, '1900-01-01 00:00:00', -1, '1900-01-01 00:00:00', -1),
(59, 'available', 'Y', NULL, NULL, NULL, NULL, NULL, NULL, NULL, NULL, NULL, NULL, '1900-01-01 00:00:00', -1, '1900-01-01 00:00:00', -1),
(60, 'away', 'Y', NULL, NULL, NULL, NULL, NULL, NULL, NULL, NULL, NULL, NULL, '1900-01-01 00:00:00', -1, '1900-01-01 00:00:00', -1),
(61, 'awfully', 'Y', NULL, NULL, NULL, NULL, NULL, NULL, NULL, NULL, NULL, NULL, '1900-01-01 00:00:00', -1, '1900-01-01 00:00:00', -1),
(62, 'b', 'Y', NULL, NULL, NULL, NULL, NULL, NULL, NULL, NULL, NULL, NULL, '1900-01-01 00:00:00', -1, '1900-01-01 00:00:00', -1),
(63, 'back', 'Y', NULL, NULL, NULL, NULL, NULL, NULL, NULL, NULL, NULL, NULL, '1900-01-01 00:00:00', -1, '1900-01-01 00:00:00', -1),
(64, 'backward', 'Y', NULL, NULL, NULL, NULL, NULL, NULL, NULL, NULL, NULL, NULL, '1900-01-01 00:00:00', -1, '1900-01-01 00:00:00', -1),
(65, 'backwards', 'Y', NULL, NULL, NULL, NULL, NULL, NULL, NULL, NULL, NULL, NULL, '1900-01-01 00:00:00', -1, '1900-01-01 00:00:00', -1),
(66, 'be', 'Y', NULL, NULL, NULL, NULL, NULL, NULL, NULL, NULL, NULL, NULL, '1900-01-01 00:00:00', -1, '1900-01-01 00:00:00', -1),
(67, 'became', 'Y', NULL, NULL, NULL, NULL, NULL, NULL, NULL, NULL, NULL, NULL, '1900-01-01 00:00:00', -1, '1900-01-01 00:00:00', -1),
(68, 'because', 'Y', NULL, NULL, NULL, NULL, NULL, NULL, NULL, NULL, NULL, NULL, '1900-01-01 00:00:00', -1, '1900-01-01 00:00:00', -1),
(69, 'become', 'Y', NULL, NULL, NULL, NULL, NULL, NULL, NULL, NULL, NULL, NULL, '1900-01-01 00:00:00', -1, '1900-01-01 00:00:00', -1),
(70, 'becomes', 'Y', NULL, NULL, NULL, NULL, NULL, NULL, NULL, NULL, NULL, NULL, '1900-01-01 00:00:00', -1, '1900-01-01 00:00:00', -1),
(71, 'becoming', 'Y', NULL, NULL, NULL, NULL, NULL, NULL, NULL, NULL, NULL, NULL, '1900-01-01 00:00:00', -1, '1900-01-01 00:00:00', -1),
(72, 'been', 'Y', NULL, NULL, NULL, NULL, NULL, NULL, NULL, NULL, NULL, NULL, '1900-01-01 00:00:00', -1, '1900-01-01 00:00:00', -1),
(73, 'before', 'Y', NULL, NULL, NULL, NULL, NULL, NULL, NULL, NULL, NULL, NULL, '1900-01-01 00:00:00', -1, '1900-01-01 00:00:00', -1),
(74, 'beforehand', 'Y', NULL, NULL, NULL, NULL, NULL, NULL, NULL, NULL, NULL, NULL, '1900-01-01 00:00:00', -1, '1900-01-01 00:00:00', -1),
(75, 'begin', 'Y', NULL, NULL, NULL, NULL, NULL, NULL, NULL, NULL, NULL, NULL, '1900-01-01 00:00:00', -1, '1900-01-01 00:00:00', -1),
(76, 'behind', 'Y', NULL, NULL, NULL, NULL, NULL, NULL, NULL, NULL, NULL, NULL, '1900-01-01 00:00:00', -1, '1900-01-01 00:00:00', -1),
(77, 'being', 'Y', NULL, NULL, NULL, NULL, NULL, NULL, NULL, NULL, NULL, NULL, '1900-01-01 00:00:00', -1, '1900-01-01 00:00:00', -1),
(78, 'believe', 'Y', NULL, NULL, NULL, NULL, NULL, NULL, NULL, NULL, NULL, NULL, '1900-01-01 00:00:00', -1, '1900-01-01 00:00:00', -1),
(79, 'below', 'Y', NULL, NULL, NULL, NULL, NULL, NULL, NULL, NULL, NULL, NULL, '1900-01-01 00:00:00', -1, '1900-01-01 00:00:00', -1),
(80, 'beside', 'Y', NULL, NULL, NULL, NULL, NULL, NULL, NULL, NULL, NULL, NULL, '1900-01-01 00:00:00', -1, '1900-01-01 00:00:00', -1),
(81, 'besides', 'Y', NULL, NULL, NULL, NULL, NULL, NULL, NULL, NULL, NULL, NULL, '1900-01-01 00:00:00', -1, '1900-01-01 00:00:00', -1),
(82, 'best', 'Y', NULL, NULL, NULL, NULL, NULL, NULL, NULL, NULL, NULL, NULL, '1900-01-01 00:00:00', -1, '1900-01-01 00:00:00', -1),
(83, 'better', 'Y', NULL, NULL, NULL, NULL, NULL, NULL, NULL, NULL, NULL, NULL, '1900-01-01 00:00:00', -1, '1900-01-01 00:00:00', -1),
(84, 'between', 'Y', NULL, NULL, NULL, NULL, NULL, NULL, NULL, NULL, NULL, NULL, '1900-01-01 00:00:00', -1, '1900-01-01 00:00:00', -1),
(85, 'beyond', 'Y', NULL, NULL, NULL, NULL, NULL, NULL, NULL, NULL, NULL, NULL, '1900-01-01 00:00:00', -1, '1900-01-01 00:00:00', -1),
(86, 'both', 'Y', NULL, NULL, NULL, NULL, NULL, NULL, NULL, NULL, NULL, NULL, '1900-01-01 00:00:00', -1, '1900-01-01 00:00:00', -1),
(87, 'brief', 'Y', NULL, NULL, NULL, NULL, NULL, NULL, NULL, NULL, NULL, NULL, '1900-01-01 00:00:00', -1, '1900-01-01 00:00:00', -1),
(88, 'but', 'Y', NULL, NULL, NULL, NULL, NULL, NULL, NULL, NULL, NULL, NULL, '1900-01-01 00:00:00', -1, '1900-01-01 00:00:00', -1),
(89, 'by', 'Y', NULL, NULL, NULL, NULL, NULL, NULL, NULL, NULL, NULL, NULL, '1900-01-01 00:00:00', -1, '1900-01-01 00:00:00', -1),
(90, 'c', 'Y', NULL, NULL, NULL, NULL, NULL, NULL, NULL, NULL, NULL, NULL, '1900-01-01 00:00:00', -1, '1900-01-01 00:00:00', -1),
(91, 'came', 'Y', NULL, NULL, NULL, NULL, NULL, NULL, NULL, NULL, NULL, NULL, '1900-01-01 00:00:00', -1, '1900-01-01 00:00:00', -1),
(92, 'can', 'Y', NULL, NULL, NULL, NULL, NULL, NULL, NULL, NULL, NULL, NULL, '1900-01-01 00:00:00', -1, '1900-01-01 00:00:00', -1),
(93, 'cannot', 'Y', NULL, NULL, NULL, NULL, NULL, NULL, NULL, NULL, NULL, NULL, '1900-01-01 00:00:00', -1, '1900-01-01 00:00:00', -1),
(94, 'cant', 'Y', NULL, NULL, NULL, NULL, NULL, NULL, NULL, NULL, NULL, NULL, '1900-01-01 00:00:00', -1, '1900-01-01 00:00:00', -1),
(95, 'can''t', 'Y', NULL, NULL, NULL, NULL, NULL, NULL, NULL, NULL, NULL, NULL, '1900-01-01 00:00:00', -1, '1900-01-01 00:00:00', -1),
(96, 'caption', 'Y', NULL, NULL, NULL, NULL, NULL, NULL, NULL, NULL, NULL, NULL, '1900-01-01 00:00:00', -1, '1900-01-01 00:00:00', -1),
(97, 'cause', 'Y', NULL, NULL, NULL, NULL, NULL, NULL, NULL, NULL, NULL, NULL, '1900-01-01 00:00:00', -1, '1900-01-01 00:00:00', -1),
(98, 'causes', 'Y', NULL, NULL, NULL, NULL, NULL, NULL, NULL, NULL, NULL, NULL, '1900-01-01 00:00:00', -1, '1900-01-01 00:00:00', -1),
(99, 'certain', 'Y', NULL, NULL, NULL, NULL, NULL, NULL, NULL, NULL, NULL, NULL, '1900-01-01 00:00:00', -1, '1900-01-01 00:00:00', -1),
(100, 'certainly', 'Y', NULL, NULL, NULL, NULL, NULL, NULL, NULL, NULL, NULL, NULL, '1900-01-01 00:00:00', -1, '1900-01-01 00:00:00', -1),
(101, 'changes', 'Y', NULL, NULL, NULL, NULL, NULL, NULL, NULL, NULL, NULL, NULL, '1900-01-01 00:00:00', -1, '1900-01-01 00:00:00', -1),
(102, 'clearly', 'Y', NULL, NULL, NULL, NULL, NULL, NULL, NULL, NULL, NULL, NULL, '1900-01-01 00:00:00', -1, '1900-01-01 00:00:00', -1),
(103, 'c''mon', 'Y', NULL, NULL, NULL, NULL, NULL, NULL, NULL, NULL, NULL, NULL, '1900-01-01 00:00:00', -1, '1900-01-01 00:00:00', -1),
(104, 'co', 'Y', NULL, NULL, NULL, NULL, NULL, NULL, NULL, NULL, NULL, NULL, '1900-01-01 00:00:00', -1, '1900-01-01 00:00:00', -1),
(105, 'co.', 'Y', NULL, NULL, NULL, NULL, NULL, NULL, NULL, NULL, NULL, NULL, '1900-01-01 00:00:00', -1, '1900-01-01 00:00:00', -1),
(106, 'com', 'Y', NULL, NULL, NULL, NULL, NULL, NULL, NULL, NULL, NULL, NULL, '1900-01-01 00:00:00', -1, '1900-01-01 00:00:00', -1),
(107, 'come', 'Y', NULL, NULL, NULL, NULL, NULL, NULL, NULL, NULL, NULL, NULL, '1900-01-01 00:00:00', -1, '1900-01-01 00:00:00', -1),
(108, 'comes', 'Y', NULL, NULL, NULL, NULL, NULL, NULL, NULL, NULL, NULL, NULL, '1900-01-01 00:00:00', -1, '1900-01-01 00:00:00', -1),
(109, 'concerning', 'Y', NULL, NULL, NULL, NULL, NULL, NULL, NULL, NULL, NULL, NULL, '1900-01-01 00:00:00', -1, '1900-01-01 00:00:00', -1),
(110, 'consequently', 'Y', NULL, NULL, NULL, NULL, NULL, NULL, NULL, NULL, NULL, NULL, '1900-01-01 00:00:00', -1, '1900-01-01 00:00:00', -1),
(111, 'consider', 'Y', NULL, NULL, NULL, NULL, NULL, NULL, NULL, NULL, NULL, NULL, '1900-01-01 00:00:00', -1, '1900-01-01 00:00:00', -1),
(112, 'considering', 'Y', NULL, NULL, NULL, NULL, NULL, NULL, NULL, NULL, NULL, NULL, '1900-01-01 00:00:00', -1, '1900-01-01 00:00:00', -1),
(113, 'contain', 'Y', NULL, NULL, NULL, NULL, NULL, NULL, NULL, NULL, NULL, NULL, '1900-01-01 00:00:00', -1, '1900-01-01 00:00:00', -1),
(114, 'containing', 'Y', NULL, NULL, NULL, NULL, NULL, NULL, NULL, NULL, NULL, NULL, '1900-01-01 00:00:00', -1, '1900-01-01 00:00:00', -1),
(115, 'contains', 'Y', NULL, NULL, NULL, NULL, NULL, NULL, NULL, NULL, NULL, NULL, '1900-01-01 00:00:00', -1, '1900-01-01 00:00:00', -1),
(116, 'corresponding', 'Y', NULL, NULL, NULL, NULL, NULL, NULL, NULL, NULL, NULL, NULL, '1900-01-01 00:00:00', -1, '1900-01-01 00:00:00', -1),
(117, 'could', 'Y', NULL, NULL, NULL, NULL, NULL, NULL, NULL, NULL, NULL, NULL, '1900-01-01 00:00:00', -1, '1900-01-01 00:00:00', -1),
(118, 'couldn''t', 'Y', NULL, NULL, NULL, NULL, NULL, NULL, NULL, NULL, NULL, NULL, '1900-01-01 00:00:00', -1, '1900-01-01 00:00:00', -1),
(119, 'course', 'Y', NULL, NULL, NULL, NULL, NULL, NULL, NULL, NULL, NULL, NULL, '1900-01-01 00:00:00', -1, '1900-01-01 00:00:00', -1),
(120, 'c''s', 'Y', NULL, NULL, NULL, NULL, NULL, NULL, NULL, NULL, NULL, NULL, '1900-01-01 00:00:00', -1, '1900-01-01 00:00:00', -1),
(121, 'currently', 'Y', NULL, NULL, NULL, NULL, NULL, NULL, NULL, NULL, NULL, NULL, '1900-01-01 00:00:00', -1, '1900-01-01 00:00:00', -1),
(122, 'd', 'Y', NULL, NULL, NULL, NULL, NULL, NULL, NULL, NULL, NULL, NULL, '1900-01-01 00:00:00', -1, '1900-01-01 00:00:00', -1),
(123, 'dare', 'Y', NULL, NULL, NULL, NULL, NULL, NULL, NULL, NULL, NULL, NULL, '1900-01-01 00:00:00', -1, '1900-01-01 00:00:00', -1),
(124, 'daren''t', 'Y', NULL, NULL, NULL, NULL, NULL, NULL, NULL, NULL, NULL, NULL, '1900-01-01 00:00:00', -1, '1900-01-01 00:00:00', -1),
(125, 'definitely', 'Y', NULL, NULL, NULL, NULL, NULL, NULL, NULL, NULL, NULL, NULL, '1900-01-01 00:00:00', -1, '1900-01-01 00:00:00', -1),
(126, 'described', 'Y', NULL, NULL, NULL, NULL, NULL, NULL, NULL, NULL, NULL, NULL, '1900-01-01 00:00:00', -1, '1900-01-01 00:00:00', -1),
(127, 'despite', 'Y', NULL, NULL, NULL, NULL, NULL, NULL, NULL, NULL, NULL, NULL, '1900-01-01 00:00:00', -1, '1900-01-01 00:00:00', -1),
(128, 'did', 'Y', NULL, NULL, NULL, NULL, NULL, NULL, NULL, NULL, NULL, NULL, '1900-01-01 00:00:00', -1, '1900-01-01 00:00:00', -1),
(129, 'didn''t', 'Y', NULL, NULL, NULL, NULL, NULL, NULL, NULL, NULL, NULL, NULL, '1900-01-01 00:00:00', -1, '1900-01-01 00:00:00', -1),
(130, 'different', 'Y', NULL, NULL, NULL, NULL, NULL, NULL, NULL, NULL, NULL, NULL, '1900-01-01 00:00:00', -1, '1900-01-01 00:00:00', -1),
(131, 'directly', 'Y', NULL, NULL, NULL, NULL, NULL, NULL, NULL, NULL, NULL, NULL, '1900-01-01 00:00:00', -1, '1900-01-01 00:00:00', -1),
(132, 'do', 'Y', NULL, NULL, NULL, NULL, NULL, NULL, NULL, NULL, NULL, NULL, '1900-01-01 00:00:00', -1, '1900-01-01 00:00:00', -1),
(133, 'does', 'Y', NULL, NULL, NULL, NULL, NULL, NULL, NULL, NULL, NULL, NULL, '1900-01-01 00:00:00', -1, '1900-01-01 00:00:00', -1),
(134, 'doesn''t', 'Y', NULL, NULL, NULL, NULL, NULL, NULL, NULL, NULL, NULL, NULL, '1900-01-01 00:00:00', -1, '1900-01-01 00:00:00', -1),
(135, 'doing', 'Y', NULL, NULL, NULL, NULL, NULL, NULL, NULL, NULL, NULL, NULL, '1900-01-01 00:00:00', -1, '1900-01-01 00:00:00', -1),
(136, 'done', 'Y', NULL, NULL, NULL, NULL, NULL, NULL, NULL, NULL, NULL, NULL, '1900-01-01 00:00:00', -1, '1900-01-01 00:00:00', -1),
(137, 'don''t', 'Y', NULL, NULL, NULL, NULL, NULL, NULL, NULL, NULL, NULL, NULL, '1900-01-01 00:00:00', -1, '1900-01-01 00:00:00', -1),
(138, 'down', 'Y', NULL, NULL, NULL, NULL, NULL, NULL, NULL, NULL, NULL, NULL, '1900-01-01 00:00:00', -1, '1900-01-01 00:00:00', -1),
(139, 'downwards', 'Y', NULL, NULL, NULL, NULL, NULL, NULL, NULL, NULL, NULL, NULL, '1900-01-01 00:00:00', -1, '1900-01-01 00:00:00', -1),
(140, 'during', 'Y', NULL, NULL, NULL, NULL, NULL, NULL, NULL, NULL, NULL, NULL, '1900-01-01 00:00:00', -1, '1900-01-01 00:00:00', -1),
(141, 'e', 'Y', NULL, NULL, NULL, NULL, NULL, NULL, NULL, NULL, NULL, NULL, '1900-01-01 00:00:00', -1, '1900-01-01 00:00:00', -1),
(142, 'each', 'Y', NULL, NULL, NULL, NULL, NULL, NULL, NULL, NULL, NULL, NULL, '1900-01-01 00:00:00', -1, '1900-01-01 00:00:00', -1),
(143, 'edu', 'Y', NULL, NULL, NULL, NULL, NULL, NULL, NULL, NULL, NULL, NULL, '1900-01-01 00:00:00', -1, '1900-01-01 00:00:00', -1),
(144, 'eg', 'Y', NULL, NULL, NULL, NULL, NULL, NULL, NULL, NULL, NULL, NULL, '1900-01-01 00:00:00', -1, '1900-01-01 00:00:00', -1),
(145, 'eight', 'Y', NULL, NULL, NULL, NULL, NULL, NULL, NULL, NULL, NULL, NULL, '1900-01-01 00:00:00', -1, '1900-01-01 00:00:00', -1),
(146, 'eighty', 'Y', NULL, NULL, NULL, NULL, NULL, NULL, NULL, NULL, NULL, NULL, '1900-01-01 00:00:00', -1, '1900-01-01 00:00:00', -1),
(147, 'either', 'Y', NULL, NULL, NULL, NULL, NULL, NULL, NULL, NULL, NULL, NULL, '1900-01-01 00:00:00', -1, '1900-01-01 00:00:00', -1),
(148, 'else', 'Y', NULL, NULL, NULL, NULL, NULL, NULL, NULL, NULL, NULL, NULL, '1900-01-01 00:00:00', -1, '1900-01-01 00:00:00', -1),
(149, 'elsewhere', 'Y', NULL, NULL, NULL, NULL, NULL, NULL, NULL, NULL, NULL, NULL, '1900-01-01 00:00:00', -1, '1900-01-01 00:00:00', -1),
(150, 'end', 'Y', NULL, NULL, NULL, NULL, NULL, NULL, NULL, NULL, NULL, NULL, '1900-01-01 00:00:00', -1, '1900-01-01 00:00:00', -1),
(151, 'ending', 'Y', NULL, NULL, NULL, NULL, NULL, NULL, NULL, NULL, NULL, NULL, '1900-01-01 00:00:00', -1, '1900-01-01 00:00:00', -1),
(152, 'enough', 'Y', NULL, NULL, NULL, NULL, NULL, NULL, NULL, NULL, NULL, NULL, '1900-01-01 00:00:00', -1, '1900-01-01 00:00:00', -1),
(153, 'entirely', 'Y', NULL, NULL, NULL, NULL, NULL, NULL, NULL, NULL, NULL, NULL, '1900-01-01 00:00:00', -1, '1900-01-01 00:00:00', -1),
(154, 'especially', 'Y', NULL, NULL, NULL, NULL, NULL, NULL, NULL, NULL, NULL, NULL, '1900-01-01 00:00:00', -1, '1900-01-01 00:00:00', -1),
(155, 'et', 'Y', NULL, NULL, NULL, NULL, NULL, NULL, NULL, NULL, NULL, NULL, '1900-01-01 00:00:00', -1, '1900-01-01 00:00:00', -1),
(156, 'etc', 'Y', NULL, NULL, NULL, NULL, NULL, NULL, NULL, NULL, NULL, NULL, '1900-01-01 00:00:00', -1, '1900-01-01 00:00:00', -1),
(157, 'even', 'Y', NULL, NULL, NULL, NULL, NULL, NULL, NULL, NULL, NULL, NULL, '1900-01-01 00:00:00', -1, '1900-01-01 00:00:00', -1),
(158, 'ever', 'Y', NULL, NULL, NULL, NULL, NULL, NULL, NULL, NULL, NULL, NULL, '1900-01-01 00:00:00', -1, '1900-01-01 00:00:00', -1),
(159, 'evermore', 'Y', NULL, NULL, NULL, NULL, NULL, NULL, NULL, NULL, NULL, NULL, '1900-01-01 00:00:00', -1, '1900-01-01 00:00:00', -1),
(160, 'every', 'Y', NULL, NULL, NULL, NULL, NULL, NULL, NULL, NULL, NULL, NULL, '1900-01-01 00:00:00', -1, '1900-01-01 00:00:00', -1),
(161, 'everybody', 'Y', NULL, NULL, NULL, NULL, NULL, NULL, NULL, NULL, NULL, NULL, '1900-01-01 00:00:00', -1, '1900-01-01 00:00:00', -1),
(162, 'everyone', 'Y', NULL, NULL, NULL, NULL, NULL, NULL, NULL, NULL, NULL, NULL, '1900-01-01 00:00:00', -1, '1900-01-01 00:00:00', -1),
(163, 'everything', 'Y', NULL, NULL, NULL, NULL, NULL, NULL, NULL, NULL, NULL, NULL, '1900-01-01 00:00:00', -1, '1900-01-01 00:00:00', -1),
(164, 'everywhere', 'Y', NULL, NULL, NULL, NULL, NULL, NULL, NULL, NULL, NULL, NULL, '1900-01-01 00:00:00', -1, '1900-01-01 00:00:00', -1),
(165, 'ex', 'Y', NULL, NULL, NULL, NULL, NULL, NULL, NULL, NULL, NULL, NULL, '1900-01-01 00:00:00', -1, '1900-01-01 00:00:00', -1),
(166, 'exactly', 'Y', NULL, NULL, NULL, NULL, NULL, NULL, NULL, NULL, NULL, NULL, '1900-01-01 00:00:00', -1, '1900-01-01 00:00:00', -1),
(167, 'example', 'Y', NULL, NULL, NULL, NULL, NULL, NULL, NULL, NULL, NULL, NULL, '1900-01-01 00:00:00', -1, '1900-01-01 00:00:00', -1),
(168, 'except', 'Y', NULL, NULL, NULL, NULL, NULL, NULL, NULL, NULL, NULL, NULL, '1900-01-01 00:00:00', -1, '1900-01-01 00:00:00', -1),
(169, 'f', 'Y', NULL, NULL, NULL, NULL, NULL, NULL, NULL, NULL, NULL, NULL, '1900-01-01 00:00:00', -1, '1900-01-01 00:00:00', -1),
(170, 'fairly', 'Y', NULL, NULL, NULL, NULL, NULL, NULL, NULL, NULL, NULL, NULL, '1900-01-01 00:00:00', -1, '1900-01-01 00:00:00', -1),
(171, 'far', 'Y', NULL, NULL, NULL, NULL, NULL, NULL, NULL, NULL, NULL, NULL, '1900-01-01 00:00:00', -1, '1900-01-01 00:00:00', -1),
(172, 'farther', 'Y', NULL, NULL, NULL, NULL, NULL, NULL, NULL, NULL, NULL, NULL, '1900-01-01 00:00:00', -1, '1900-01-01 00:00:00', -1),
(173, 'few', 'Y', NULL, NULL, NULL, NULL, NULL, NULL, NULL, NULL, NULL, NULL, '1900-01-01 00:00:00', -1, '1900-01-01 00:00:00', -1),
(174, 'fewer', 'Y', NULL, NULL, NULL, NULL, NULL, NULL, NULL, NULL, NULL, NULL, '1900-01-01 00:00:00', -1, '1900-01-01 00:00:00', -1),
(175, 'fifth', 'Y', NULL, NULL, NULL, NULL, NULL, NULL, NULL, NULL, NULL, NULL, '1900-01-01 00:00:00', -1, '1900-01-01 00:00:00', -1),
(176, 'first', 'Y', NULL, NULL, NULL, NULL, NULL, NULL, NULL, NULL, NULL, NULL, '1900-01-01 00:00:00', -1, '1900-01-01 00:00:00', -1),
(177, 'five', 'Y', NULL, NULL, NULL, NULL, NULL, NULL, NULL, NULL, NULL, NULL, '1900-01-01 00:00:00', -1, '1900-01-01 00:00:00', -1),
(178, 'followed', 'Y', NULL, NULL, NULL, NULL, NULL, NULL, NULL, NULL, NULL, NULL, '1900-01-01 00:00:00', -1, '1900-01-01 00:00:00', -1),
(179, 'following', 'Y', NULL, NULL, NULL, NULL, NULL, NULL, NULL, NULL, NULL, NULL, '1900-01-01 00:00:00', -1, '1900-01-01 00:00:00', -1),
(180, 'follows', 'Y', NULL, NULL, NULL, NULL, NULL, NULL, NULL, NULL, NULL, NULL, '1900-01-01 00:00:00', -1, '1900-01-01 00:00:00', -1),
(181, 'for', 'Y', NULL, NULL, NULL, NULL, NULL, NULL, NULL, NULL, NULL, NULL, '1900-01-01 00:00:00', -1, '1900-01-01 00:00:00', -1),
(182, 'forever', 'Y', NULL, NULL, NULL, NULL, NULL, NULL, NULL, NULL, NULL, NULL, '1900-01-01 00:00:00', -1, '1900-01-01 00:00:00', -1),
(183, 'former', 'Y', NULL, NULL, NULL, NULL, NULL, NULL, NULL, NULL, NULL, NULL, '1900-01-01 00:00:00', -1, '1900-01-01 00:00:00', -1),
(184, 'formerly', 'Y', NULL, NULL, NULL, NULL, NULL, NULL, NULL, NULL, NULL, NULL, '1900-01-01 00:00:00', -1, '1900-01-01 00:00:00', -1),
(185, 'forth', 'Y', NULL, NULL, NULL, NULL, NULL, NULL, NULL, NULL, NULL, NULL, '1900-01-01 00:00:00', -1, '1900-01-01 00:00:00', -1),
(186, 'forward', 'Y', NULL, NULL, NULL, NULL, NULL, NULL, NULL, NULL, NULL, NULL, '1900-01-01 00:00:00', -1, '1900-01-01 00:00:00', -1),
(187, 'found', 'Y', NULL, NULL, NULL, NULL, NULL, NULL, NULL, NULL, NULL, NULL, '1900-01-01 00:00:00', -1, '1900-01-01 00:00:00', -1),
(188, 'four', 'Y', NULL, NULL, NULL, NULL, NULL, NULL, NULL, NULL, NULL, NULL, '1900-01-01 00:00:00', -1, '1900-01-01 00:00:00', -1),
(189, 'from', 'Y', NULL, NULL, NULL, NULL, NULL, NULL, NULL, NULL, NULL, NULL, '1900-01-01 00:00:00', -1, '1900-01-01 00:00:00', -1),
(190, 'further', 'Y', NULL, NULL, NULL, NULL, NULL, NULL, NULL, NULL, NULL, NULL, '1900-01-01 00:00:00', -1, '1900-01-01 00:00:00', -1),
(191, 'furthermore', 'Y', NULL, NULL, NULL, NULL, NULL, NULL, NULL, NULL, NULL, NULL, '1900-01-01 00:00:00', -1, '1900-01-01 00:00:00', -1),
(192, 'g', 'Y', NULL, NULL, NULL, NULL, NULL, NULL, NULL, NULL, NULL, NULL, '1900-01-01 00:00:00', -1, '1900-01-01 00:00:00', -1),
(193, 'get', 'Y', NULL, NULL, NULL, NULL, NULL, NULL, NULL, NULL, NULL, NULL, '1900-01-01 00:00:00', -1, '1900-01-01 00:00:00', -1),
(194, 'gets', 'Y', NULL, NULL, NULL, NULL, NULL, NULL, NULL, NULL, NULL, NULL, '1900-01-01 00:00:00', -1, '1900-01-01 00:00:00', -1),
(195, 'getting', 'Y', NULL, NULL, NULL, NULL, NULL, NULL, NULL, NULL, NULL, NULL, '1900-01-01 00:00:00', -1, '1900-01-01 00:00:00', -1),
(196, 'given', 'Y', NULL, NULL, NULL, NULL, NULL, NULL, NULL, NULL, NULL, NULL, '1900-01-01 00:00:00', -1, '1900-01-01 00:00:00', -1),
(197, 'gives', 'Y', NULL, NULL, NULL, NULL, NULL, NULL, NULL, NULL, NULL, NULL, '1900-01-01 00:00:00', -1, '1900-01-01 00:00:00', -1),
(198, 'go', 'Y', NULL, NULL, NULL, NULL, NULL, NULL, NULL, NULL, NULL, NULL, '1900-01-01 00:00:00', -1, '1900-01-01 00:00:00', -1),
(199, 'goes', 'Y', NULL, NULL, NULL, NULL, NULL, NULL, NULL, NULL, NULL, NULL, '1900-01-01 00:00:00', -1, '1900-01-01 00:00:00', -1),
(200, 'going', 'Y', NULL, NULL, NULL, NULL, NULL, NULL, NULL, NULL, NULL, NULL, '1900-01-01 00:00:00', -1, '1900-01-01 00:00:00', -1),
(201, 'gone', 'Y', NULL, NULL, NULL, NULL, NULL, NULL, NULL, NULL, NULL, NULL, '1900-01-01 00:00:00', -1, '1900-01-01 00:00:00', -1),
(202, 'got', 'Y', NULL, NULL, NULL, NULL, NULL, NULL, NULL, NULL, NULL, NULL, '1900-01-01 00:00:00', -1, '1900-01-01 00:00:00', -1),
(203, 'gotten', 'Y', NULL, NULL, NULL, NULL, NULL, NULL, NULL, NULL, NULL, NULL, '1900-01-01 00:00:00', -1, '1900-01-01 00:00:00', -1),
(204, 'greetings', 'Y', NULL, NULL, NULL, NULL, NULL, NULL, NULL, NULL, NULL, NULL, '1900-01-01 00:00:00', -1, '1900-01-01 00:00:00', -1),
(205, 'h', 'Y', NULL, NULL, NULL, NULL, NULL, NULL, NULL, NULL, NULL, NULL, '1900-01-01 00:00:00', -1, '1900-01-01 00:00:00', -1),
(206, 'had', 'Y', NULL, NULL, NULL, NULL, NULL, NULL, NULL, NULL, NULL, NULL, '1900-01-01 00:00:00', -1, '1900-01-01 00:00:00', -1),
(207, 'hadn''t', 'Y', NULL, NULL, NULL, NULL, NULL, NULL, NULL, NULL, NULL, NULL, '1900-01-01 00:00:00', -1, '1900-01-01 00:00:00', -1),
(208, 'half', 'Y', NULL, NULL, NULL, NULL, NULL, NULL, NULL, NULL, NULL, NULL, '1900-01-01 00:00:00', -1, '1900-01-01 00:00:00', -1),
(209, 'happens', 'Y', NULL, NULL, NULL, NULL, NULL, NULL, NULL, NULL, NULL, NULL, '1900-01-01 00:00:00', -1, '1900-01-01 00:00:00', -1),
(210, 'hardly', 'Y', NULL, NULL, NULL, NULL, NULL, NULL, NULL, NULL, NULL, NULL, '1900-01-01 00:00:00', -1, '1900-01-01 00:00:00', -1),
(211, 'has', 'Y', NULL, NULL, NULL, NULL, NULL, NULL, NULL, NULL, NULL, NULL, '1900-01-01 00:00:00', -1, '1900-01-01 00:00:00', -1),
(212, 'hasn''t', 'Y', NULL, NULL, NULL, NULL, NULL, NULL, NULL, NULL, NULL, NULL, '1900-01-01 00:00:00', -1, '1900-01-01 00:00:00', -1),
(213, 'have', 'Y', NULL, NULL, NULL, NULL, NULL, NULL, NULL, NULL, NULL, NULL, '1900-01-01 00:00:00', -1, '1900-01-01 00:00:00', -1),
(214, 'haven''t', 'Y', NULL, NULL, NULL, NULL, NULL, NULL, NULL, NULL, NULL, NULL, '1900-01-01 00:00:00', -1, '1900-01-01 00:00:00', -1),
(215, 'having', 'Y', NULL, NULL, NULL, NULL, NULL, NULL, NULL, NULL, NULL, NULL, '1900-01-01 00:00:00', -1, '1900-01-01 00:00:00', -1),
(216, 'he', 'Y', NULL, NULL, NULL, NULL, NULL, NULL, NULL, NULL, NULL, NULL, '1900-01-01 00:00:00', -1, '1900-01-01 00:00:00', -1),
(217, 'he''d', 'Y', NULL, NULL, NULL, NULL, NULL, NULL, NULL, NULL, NULL, NULL, '1900-01-01 00:00:00', -1, '1900-01-01 00:00:00', -1),
(218, 'he''ll', 'Y', NULL, NULL, NULL, NULL, NULL, NULL, NULL, NULL, NULL, NULL, '1900-01-01 00:00:00', -1, '1900-01-01 00:00:00', -1),
(219, 'hello', 'Y', NULL, NULL, NULL, NULL, NULL, NULL, NULL, NULL, NULL, NULL, '1900-01-01 00:00:00', -1, '1900-01-01 00:00:00', -1),
(220, 'help', 'Y', NULL, NULL, NULL, NULL, NULL, NULL, NULL, NULL, NULL, NULL, '1900-01-01 00:00:00', -1, '1900-01-01 00:00:00', -1),
(221, 'hence', 'Y', NULL, NULL, NULL, NULL, NULL, NULL, NULL, NULL, NULL, NULL, '1900-01-01 00:00:00', -1, '1900-01-01 00:00:00', -1),
(222, 'her', 'Y', NULL, NULL, NULL, NULL, NULL, NULL, NULL, NULL, NULL, NULL, '1900-01-01 00:00:00', -1, '1900-01-01 00:00:00', -1),
(223, 'here', 'Y', NULL, NULL, NULL, NULL, NULL, NULL, NULL, NULL, NULL, NULL, '1900-01-01 00:00:00', -1, '1900-01-01 00:00:00', -1),
(224, 'hereafter', 'Y', NULL, NULL, NULL, NULL, NULL, NULL, NULL, NULL, NULL, NULL, '1900-01-01 00:00:00', -1, '1900-01-01 00:00:00', -1),
(225, 'hereby', 'Y', NULL, NULL, NULL, NULL, NULL, NULL, NULL, NULL, NULL, NULL, '1900-01-01 00:00:00', -1, '1900-01-01 00:00:00', -1),
(226, 'herein', 'Y', NULL, NULL, NULL, NULL, NULL, NULL, NULL, NULL, NULL, NULL, '1900-01-01 00:00:00', -1, '1900-01-01 00:00:00', -1),
(227, 'here''s', 'Y', NULL, NULL, NULL, NULL, NULL, NULL, NULL, NULL, NULL, NULL, '1900-01-01 00:00:00', -1, '1900-01-01 00:00:00', -1),
(228, 'hereupon', 'Y', NULL, NULL, NULL, NULL, NULL, NULL, NULL, NULL, NULL, NULL, '1900-01-01 00:00:00', -1, '1900-01-01 00:00:00', -1),
(229, 'hers', 'Y', NULL, NULL, NULL, NULL, NULL, NULL, NULL, NULL, NULL, NULL, '1900-01-01 00:00:00', -1, '1900-01-01 00:00:00', -1),
(230, 'herself', 'Y', NULL, NULL, NULL, NULL, NULL, NULL, NULL, NULL, NULL, NULL, '1900-01-01 00:00:00', -1, '1900-01-01 00:00:00', -1),
(231, 'he''s', 'Y', NULL, NULL, NULL, NULL, NULL, NULL, NULL, NULL, NULL, NULL, '1900-01-01 00:00:00', -1, '1900-01-01 00:00:00', -1),
(232, 'hi', 'Y', NULL, NULL, NULL, NULL, NULL, NULL, NULL, NULL, NULL, NULL, '1900-01-01 00:00:00', -1, '1900-01-01 00:00:00', -1),
(233, 'him', 'Y', NULL, NULL, NULL, NULL, NULL, NULL, NULL, NULL, NULL, NULL, '1900-01-01 00:00:00', -1, '1900-01-01 00:00:00', -1),
(234, 'himself', 'Y', NULL, NULL, NULL, NULL, NULL, NULL, NULL, NULL, NULL, NULL, '1900-01-01 00:00:00', -1, '1900-01-01 00:00:00', -1),
(235, 'his', 'Y', NULL, NULL, NULL, NULL, NULL, NULL, NULL, NULL, NULL, NULL, '1900-01-01 00:00:00', -1, '1900-01-01 00:00:00', -1),
(236, 'hither', 'Y', NULL, NULL, NULL, NULL, NULL, NULL, NULL, NULL, NULL, NULL, '1900-01-01 00:00:00', -1, '1900-01-01 00:00:00', -1),
(237, 'hopefully', 'Y', NULL, NULL, NULL, NULL, NULL, NULL, NULL, NULL, NULL, NULL, '1900-01-01 00:00:00', -1, '1900-01-01 00:00:00', -1),
(238, 'how', 'Y', NULL, NULL, NULL, NULL, NULL, NULL, NULL, NULL, NULL, NULL, '1900-01-01 00:00:00', -1, '1900-01-01 00:00:00', -1),
(239, 'howbeit', 'Y', NULL, NULL, NULL, NULL, NULL, NULL, NULL, NULL, NULL, NULL, '1900-01-01 00:00:00', -1, '1900-01-01 00:00:00', -1),
(240, 'however', 'Y', NULL, NULL, NULL, NULL, NULL, NULL, NULL, NULL, NULL, NULL, '1900-01-01 00:00:00', -1, '1900-01-01 00:00:00', -1),
(241, 'hundred', 'Y', NULL, NULL, NULL, NULL, NULL, NULL, NULL, NULL, NULL, NULL, '1900-01-01 00:00:00', -1, '1900-01-01 00:00:00', -1),
(242, 'i', 'Y', NULL, NULL, NULL, NULL, NULL, NULL, NULL, NULL, NULL, NULL, '1900-01-01 00:00:00', -1, '1900-01-01 00:00:00', -1),
(243, 'i''d', 'Y', NULL, NULL, NULL, NULL, NULL, NULL, NULL, NULL, NULL, NULL, '1900-01-01 00:00:00', -1, '1900-01-01 00:00:00', -1),
(244, 'ie', 'Y', NULL, NULL, NULL, NULL, NULL, NULL, NULL, NULL, NULL, NULL, '1900-01-01 00:00:00', -1, '1900-01-01 00:00:00', -1),
(245, 'if', 'Y', NULL, NULL, NULL, NULL, NULL, NULL, NULL, NULL, NULL, NULL, '1900-01-01 00:00:00', -1, '1900-01-01 00:00:00', -1),
(246, 'ignored', 'Y', NULL, NULL, NULL, NULL, NULL, NULL, NULL, NULL, NULL, NULL, '1900-01-01 00:00:00', -1, '1900-01-01 00:00:00', -1),
(247, 'i''ll', 'Y', NULL, NULL, NULL, NULL, NULL, NULL, NULL, NULL, NULL, NULL, '1900-01-01 00:00:00', -1, '1900-01-01 00:00:00', -1),
(248, 'i''m', 'Y', NULL, NULL, NULL, NULL, NULL, NULL, NULL, NULL, NULL, NULL, '1900-01-01 00:00:00', -1, '1900-01-01 00:00:00', -1),
(249, 'immediate', 'Y', NULL, NULL, NULL, NULL, NULL, NULL, NULL, NULL, NULL, NULL, '1900-01-01 00:00:00', -1, '1900-01-01 00:00:00', -1),
(250, 'in', 'Y', NULL, NULL, NULL, NULL, NULL, NULL, NULL, NULL, NULL, NULL, '1900-01-01 00:00:00', -1, '1900-01-01 00:00:00', -1),
(251, 'inasmuch', 'Y', NULL, NULL, NULL, NULL, NULL, NULL, NULL, NULL, NULL, NULL, '1900-01-01 00:00:00', -1, '1900-01-01 00:00:00', -1),
(252, 'inc', 'Y', NULL, NULL, NULL, NULL, NULL, NULL, NULL, NULL, NULL, NULL, '1900-01-01 00:00:00', -1, '1900-01-01 00:00:00', -1),
(253, 'inc.', 'Y', NULL, NULL, NULL, NULL, NULL, NULL, NULL, NULL, NULL, NULL, '1900-01-01 00:00:00', -1, '1900-01-01 00:00:00', -1),
(254, 'indeed', 'Y', NULL, NULL, NULL, NULL, NULL, NULL, NULL, NULL, NULL, NULL, '1900-01-01 00:00:00', -1, '1900-01-01 00:00:00', -1),
(255, 'indicate', 'Y', NULL, NULL, NULL, NULL, NULL, NULL, NULL, NULL, NULL, NULL, '1900-01-01 00:00:00', -1, '1900-01-01 00:00:00', -1),
(256, 'indicated', 'Y', NULL, NULL, NULL, NULL, NULL, NULL, NULL, NULL, NULL, NULL, '1900-01-01 00:00:00', -1, '1900-01-01 00:00:00', -1),
(257, 'indicates', 'Y', NULL, NULL, NULL, NULL, NULL, NULL, NULL, NULL, NULL, NULL, '1900-01-01 00:00:00', -1, '1900-01-01 00:00:00', -1),
(258, 'inner', 'Y', NULL, NULL, NULL, NULL, NULL, NULL, NULL, NULL, NULL, NULL, '1900-01-01 00:00:00', -1, '1900-01-01 00:00:00', -1),
(259, 'inside', 'Y', NULL, NULL, NULL, NULL, NULL, NULL, NULL, NULL, NULL, NULL, '1900-01-01 00:00:00', -1, '1900-01-01 00:00:00', -1),
(260, 'insofar', 'Y', NULL, NULL, NULL, NULL, NULL, NULL, NULL, NULL, NULL, NULL, '1900-01-01 00:00:00', -1, '1900-01-01 00:00:00', -1),
(261, 'instead', 'Y', NULL, NULL, NULL, NULL, NULL, NULL, NULL, NULL, NULL, NULL, '1900-01-01 00:00:00', -1, '1900-01-01 00:00:00', -1),
(262, 'into', 'Y', NULL, NULL, NULL, NULL, NULL, NULL, NULL, NULL, NULL, NULL, '1900-01-01 00:00:00', -1, '1900-01-01 00:00:00', -1),
(263, 'inward', 'Y', NULL, NULL, NULL, NULL, NULL, NULL, NULL, NULL, NULL, NULL, '1900-01-01 00:00:00', -1, '1900-01-01 00:00:00', -1),
(264, 'is', 'Y', NULL, NULL, NULL, NULL, NULL, NULL, NULL, NULL, NULL, NULL, '1900-01-01 00:00:00', -1, '1900-01-01 00:00:00', -1),
(265, 'isn''t', 'Y', NULL, NULL, NULL, NULL, NULL, NULL, NULL, NULL, NULL, NULL, '1900-01-01 00:00:00', -1, '1900-01-01 00:00:00', -1),
(266, 'it', 'Y', NULL, NULL, NULL, NULL, NULL, NULL, NULL, NULL, NULL, NULL, '1900-01-01 00:00:00', -1, '1900-01-01 00:00:00', -1),
(267, 'it''d', 'Y', NULL, NULL, NULL, NULL, NULL, NULL, NULL, NULL, NULL, NULL, '1900-01-01 00:00:00', -1, '1900-01-01 00:00:00', -1),
(268, 'it''ll', 'Y', NULL, NULL, NULL, NULL, NULL, NULL, NULL, NULL, NULL, NULL, '1900-01-01 00:00:00', -1, '1900-01-01 00:00:00', -1),
(269, 'its', 'Y', NULL, NULL, NULL, NULL, NULL, NULL, NULL, NULL, NULL, NULL, '1900-01-01 00:00:00', -1, '1900-01-01 00:00:00', -1),
(270, 'it''s', 'Y', NULL, NULL, NULL, NULL, NULL, NULL, NULL, NULL, NULL, NULL, '1900-01-01 00:00:00', -1, '1900-01-01 00:00:00', -1),
(271, 'itself', 'Y', NULL, NULL, NULL, NULL, NULL, NULL, NULL, NULL, NULL, NULL, '1900-01-01 00:00:00', -1, '1900-01-01 00:00:00', -1),
(272, 'i''ve', 'Y', NULL, NULL, NULL, NULL, NULL, NULL, NULL, NULL, NULL, NULL, '1900-01-01 00:00:00', -1, '1900-01-01 00:00:00', -1),
(273, 'j', 'Y', NULL, NULL, NULL, NULL, NULL, NULL, NULL, NULL, NULL, NULL, '1900-01-01 00:00:00', -1, '1900-01-01 00:00:00', -1),
(274, 'just', 'Y', NULL, NULL, NULL, NULL, NULL, NULL, NULL, NULL, NULL, NULL, '1900-01-01 00:00:00', -1, '1900-01-01 00:00:00', -1),
(275, 'k', 'Y', NULL, NULL, NULL, NULL, NULL, NULL, NULL, NULL, NULL, NULL, '1900-01-01 00:00:00', -1, '1900-01-01 00:00:00', -1),
(276, 'keep', 'Y', NULL, NULL, NULL, NULL, NULL, NULL, NULL, NULL, NULL, NULL, '1900-01-01 00:00:00', -1, '1900-01-01 00:00:00', -1),
(277, 'keeps', 'Y', NULL, NULL, NULL, NULL, NULL, NULL, NULL, NULL, NULL, NULL, '1900-01-01 00:00:00', -1, '1900-01-01 00:00:00', -1),
(278, 'kept', 'Y', NULL, NULL, NULL, NULL, NULL, NULL, NULL, NULL, NULL, NULL, '1900-01-01 00:00:00', -1, '1900-01-01 00:00:00', -1),
(279, 'know', 'Y', NULL, NULL, NULL, NULL, NULL, NULL, NULL, NULL, NULL, NULL, '1900-01-01 00:00:00', -1, '1900-01-01 00:00:00', -1),
(280, 'known', 'Y', NULL, NULL, NULL, NULL, NULL, NULL, NULL, NULL, NULL, NULL, '1900-01-01 00:00:00', -1, '1900-01-01 00:00:00', -1),
(281, 'knows', 'Y', NULL, NULL, NULL, NULL, NULL, NULL, NULL, NULL, NULL, NULL, '1900-01-01 00:00:00', -1, '1900-01-01 00:00:00', -1),
(282, 'l', 'Y', NULL, NULL, NULL, NULL, NULL, NULL, NULL, NULL, NULL, NULL, '1900-01-01 00:00:00', -1, '1900-01-01 00:00:00', -1),
(283, 'last', 'Y', NULL, NULL, NULL, NULL, NULL, NULL, NULL, NULL, NULL, NULL, '1900-01-01 00:00:00', -1, '1900-01-01 00:00:00', -1),
(284, 'lately', 'Y', NULL, NULL, NULL, NULL, NULL, NULL, NULL, NULL, NULL, NULL, '1900-01-01 00:00:00', -1, '1900-01-01 00:00:00', -1),
(285, 'later', 'Y', NULL, NULL, NULL, NULL, NULL, NULL, NULL, NULL, NULL, NULL, '1900-01-01 00:00:00', -1, '1900-01-01 00:00:00', -1),
(286, 'latter', 'Y', NULL, NULL, NULL, NULL, NULL, NULL, NULL, NULL, NULL, NULL, '1900-01-01 00:00:00', -1, '1900-01-01 00:00:00', -1),
(287, 'latterly', 'Y', NULL, NULL, NULL, NULL, NULL, NULL, NULL, NULL, NULL, NULL, '1900-01-01 00:00:00', -1, '1900-01-01 00:00:00', -1),
(288, 'least', 'Y', NULL, NULL, NULL, NULL, NULL, NULL, NULL, NULL, NULL, NULL, '1900-01-01 00:00:00', -1, '1900-01-01 00:00:00', -1),
(289, 'less', 'Y', NULL, NULL, NULL, NULL, NULL, NULL, NULL, NULL, NULL, NULL, '1900-01-01 00:00:00', -1, '1900-01-01 00:00:00', -1),
(290, 'lest', 'Y', NULL, NULL, NULL, NULL, NULL, NULL, NULL, NULL, NULL, NULL, '1900-01-01 00:00:00', -1, '1900-01-01 00:00:00', -1),
(291, 'let', 'Y', NULL, NULL, NULL, NULL, NULL, NULL, NULL, NULL, NULL, NULL, '1900-01-01 00:00:00', -1, '1900-01-01 00:00:00', -1),
(292, 'let''s', 'Y', NULL, NULL, NULL, NULL, NULL, NULL, NULL, NULL, NULL, NULL, '1900-01-01 00:00:00', -1, '1900-01-01 00:00:00', -1),
(293, 'like', 'Y', NULL, NULL, NULL, NULL, NULL, NULL, NULL, NULL, NULL, NULL, '1900-01-01 00:00:00', -1, '1900-01-01 00:00:00', -1),
(294, 'liked', 'Y', NULL, NULL, NULL, NULL, NULL, NULL, NULL, NULL, NULL, NULL, '1900-01-01 00:00:00', -1, '1900-01-01 00:00:00', -1),
(295, 'likely', 'Y', NULL, NULL, NULL, NULL, NULL, NULL, NULL, NULL, NULL, NULL, '1900-01-01 00:00:00', -1, '1900-01-01 00:00:00', -1),
(296, 'likewise', 'Y', NULL, NULL, NULL, NULL, NULL, NULL, NULL, NULL, NULL, NULL, '1900-01-01 00:00:00', -1, '1900-01-01 00:00:00', -1),
(297, 'little', 'Y', NULL, NULL, NULL, NULL, NULL, NULL, NULL, NULL, NULL, NULL, '1900-01-01 00:00:00', -1, '1900-01-01 00:00:00', -1),
(298, 'look', 'Y', NULL, NULL, NULL, NULL, NULL, NULL, NULL, NULL, NULL, NULL, '1900-01-01 00:00:00', -1, '1900-01-01 00:00:00', -1),
(299, 'looking', 'Y', NULL, NULL, NULL, NULL, NULL, NULL, NULL, NULL, NULL, NULL, '1900-01-01 00:00:00', -1, '1900-01-01 00:00:00', -1),
(300, 'looks', 'Y', NULL, NULL, NULL, NULL, NULL, NULL, NULL, NULL, NULL, NULL, '1900-01-01 00:00:00', -1, '1900-01-01 00:00:00', -1),
(301, 'low', 'Y', NULL, NULL, NULL, NULL, NULL, NULL, NULL, NULL, NULL, NULL, '1900-01-01 00:00:00', -1, '1900-01-01 00:00:00', -1),
(302, 'lower', 'Y', NULL, NULL, NULL, NULL, NULL, NULL, NULL, NULL, NULL, NULL, '1900-01-01 00:00:00', -1, '1900-01-01 00:00:00', -1),
(303, 'ltd', 'Y', NULL, NULL, NULL, NULL, NULL, NULL, NULL, NULL, NULL, NULL, '1900-01-01 00:00:00', -1, '1900-01-01 00:00:00', -1),
(304, 'm', 'Y', NULL, NULL, NULL, NULL, NULL, NULL, NULL, NULL, NULL, NULL, '1900-01-01 00:00:00', -1, '1900-01-01 00:00:00', -1),
(305, 'made', 'Y', NULL, NULL, NULL, NULL, NULL, NULL, NULL, NULL, NULL, NULL, '1900-01-01 00:00:00', -1, '1900-01-01 00:00:00', -1),
(306, 'mainly', 'Y', NULL, NULL, NULL, NULL, NULL, NULL, NULL, NULL, NULL, NULL, '1900-01-01 00:00:00', -1, '1900-01-01 00:00:00', -1),
(307, 'make', 'Y', NULL, NULL, NULL, NULL, NULL, NULL, NULL, NULL, NULL, NULL, '1900-01-01 00:00:00', -1, '1900-01-01 00:00:00', -1),
(308, 'makes', 'Y', NULL, NULL, NULL, NULL, NULL, NULL, NULL, NULL, NULL, NULL, '1900-01-01 00:00:00', -1, '1900-01-01 00:00:00', -1),
(309, 'many', 'Y', NULL, NULL, NULL, NULL, NULL, NULL, NULL, NULL, NULL, NULL, '1900-01-01 00:00:00', -1, '1900-01-01 00:00:00', -1),
(310, 'may', 'Y', NULL, NULL, NULL, NULL, NULL, NULL, NULL, NULL, NULL, NULL, '1900-01-01 00:00:00', -1, '1900-01-01 00:00:00', -1),
(311, 'maybe', 'Y', NULL, NULL, NULL, NULL, NULL, NULL, NULL, NULL, NULL, NULL, '1900-01-01 00:00:00', -1, '1900-01-01 00:00:00', -1),
(312, 'mayn''t', 'Y', NULL, NULL, NULL, NULL, NULL, NULL, NULL, NULL, NULL, NULL, '1900-01-01 00:00:00', -1, '1900-01-01 00:00:00', -1),
(313, 'me', 'Y', NULL, NULL, NULL, NULL, NULL, NULL, NULL, NULL, NULL, NULL, '1900-01-01 00:00:00', -1, '1900-01-01 00:00:00', -1),
(314, 'mean', 'Y', NULL, NULL, NULL, NULL, NULL, NULL, NULL, NULL, NULL, NULL, '1900-01-01 00:00:00', -1, '1900-01-01 00:00:00', -1),
(315, 'meantime', 'Y', NULL, NULL, NULL, NULL, NULL, NULL, NULL, NULL, NULL, NULL, '1900-01-01 00:00:00', -1, '1900-01-01 00:00:00', -1),
(316, 'meanwhile', 'Y', NULL, NULL, NULL, NULL, NULL, NULL, NULL, NULL, NULL, NULL, '1900-01-01 00:00:00', -1, '1900-01-01 00:00:00', -1),
(317, 'merely', 'Y', NULL, NULL, NULL, NULL, NULL, NULL, NULL, NULL, NULL, NULL, '1900-01-01 00:00:00', -1, '1900-01-01 00:00:00', -1),
(318, 'might', 'Y', NULL, NULL, NULL, NULL, NULL, NULL, NULL, NULL, NULL, NULL, '1900-01-01 00:00:00', -1, '1900-01-01 00:00:00', -1),
(319, 'mightn''t', 'Y', NULL, NULL, NULL, NULL, NULL, NULL, NULL, NULL, NULL, NULL, '1900-01-01 00:00:00', -1, '1900-01-01 00:00:00', -1),
(320, 'mine', 'Y', NULL, NULL, NULL, NULL, NULL, NULL, NULL, NULL, NULL, NULL, '1900-01-01 00:00:00', -1, '1900-01-01 00:00:00', -1),
(321, 'minus', 'Y', NULL, NULL, NULL, NULL, NULL, NULL, NULL, NULL, NULL, NULL, '1900-01-01 00:00:00', -1, '1900-01-01 00:00:00', -1),
(322, 'miss', 'Y', NULL, NULL, NULL, NULL, NULL, NULL, NULL, NULL, NULL, NULL, '1900-01-01 00:00:00', -1, '1900-01-01 00:00:00', -1),
(323, 'more', 'Y', NULL, NULL, NULL, NULL, NULL, NULL, NULL, NULL, NULL, NULL, '1900-01-01 00:00:00', -1, '1900-01-01 00:00:00', -1),
(324, 'moreover', 'Y', NULL, NULL, NULL, NULL, NULL, NULL, NULL, NULL, NULL, NULL, '1900-01-01 00:00:00', -1, '1900-01-01 00:00:00', -1),
(325, 'most', 'Y', NULL, NULL, NULL, NULL, NULL, NULL, NULL, NULL, NULL, NULL, '1900-01-01 00:00:00', -1, '1900-01-01 00:00:00', -1),
(326, 'mostly', 'Y', NULL, NULL, NULL, NULL, NULL, NULL, NULL, NULL, NULL, NULL, '1900-01-01 00:00:00', -1, '1900-01-01 00:00:00', -1),
(327, 'mr', 'Y', NULL, NULL, NULL, NULL, NULL, NULL, NULL, NULL, NULL, NULL, '1900-01-01 00:00:00', -1, '1900-01-01 00:00:00', -1),
(328, 'mrs', 'Y', NULL, NULL, NULL, NULL, NULL, NULL, NULL, NULL, NULL, NULL, '1900-01-01 00:00:00', -1, '1900-01-01 00:00:00', -1),
(329, 'much', 'Y', NULL, NULL, NULL, NULL, NULL, NULL, NULL, NULL, NULL, NULL, '1900-01-01 00:00:00', -1, '1900-01-01 00:00:00', -1),
(330, 'must', 'Y', NULL, NULL, NULL, NULL, NULL, NULL, NULL, NULL, NULL, NULL, '1900-01-01 00:00:00', -1, '1900-01-01 00:00:00', -1),
(331, 'mustn''t', 'Y', NULL, NULL, NULL, NULL, NULL, NULL, NULL, NULL, NULL, NULL, '1900-01-01 00:00:00', -1, '1900-01-01 00:00:00', -1),
(332, 'my', 'Y', NULL, NULL, NULL, NULL, NULL, NULL, NULL, NULL, NULL, NULL, '1900-01-01 00:00:00', -1, '1900-01-01 00:00:00', -1),
(333, 'myself', 'Y', NULL, NULL, NULL, NULL, NULL, NULL, NULL, NULL, NULL, NULL, '1900-01-01 00:00:00', -1, '1900-01-01 00:00:00', -1),
(334, 'n', 'Y', NULL, NULL, NULL, NULL, NULL, NULL, NULL, NULL, NULL, NULL, '1900-01-01 00:00:00', -1, '1900-01-01 00:00:00', -1),
(335, 'name', 'Y', NULL, NULL, NULL, NULL, NULL, NULL, NULL, NULL, NULL, NULL, '1900-01-01 00:00:00', -1, '1900-01-01 00:00:00', -1),
(336, 'namely', 'Y', NULL, NULL, NULL, NULL, NULL, NULL, NULL, NULL, NULL, NULL, '1900-01-01 00:00:00', -1, '1900-01-01 00:00:00', -1),
(337, 'nd', 'Y', NULL, NULL, NULL, NULL, NULL, NULL, NULL, NULL, NULL, NULL, '1900-01-01 00:00:00', -1, '1900-01-01 00:00:00', -1),
(338, 'near', 'Y', NULL, NULL, NULL, NULL, NULL, NULL, NULL, NULL, NULL, NULL, '1900-01-01 00:00:00', -1, '1900-01-01 00:00:00', -1),
(339, 'nearly', 'Y', NULL, NULL, NULL, NULL, NULL, NULL, NULL, NULL, NULL, NULL, '1900-01-01 00:00:00', -1, '1900-01-01 00:00:00', -1),
(340, 'necessary', 'Y', NULL, NULL, NULL, NULL, NULL, NULL, NULL, NULL, NULL, NULL, '1900-01-01 00:00:00', -1, '1900-01-01 00:00:00', -1),
(341, 'need', 'Y', NULL, NULL, NULL, NULL, NULL, NULL, NULL, NULL, NULL, NULL, '1900-01-01 00:00:00', -1, '1900-01-01 00:00:00', -1),
(342, 'needn''t', 'Y', NULL, NULL, NULL, NULL, NULL, NULL, NULL, NULL, NULL, NULL, '1900-01-01 00:00:00', -1, '1900-01-01 00:00:00', -1),
(343, 'needs', 'Y', NULL, NULL, NULL, NULL, NULL, NULL, NULL, NULL, NULL, NULL, '1900-01-01 00:00:00', -1, '1900-01-01 00:00:00', -1),
(344, 'neither', 'Y', NULL, NULL, NULL, NULL, NULL, NULL, NULL, NULL, NULL, NULL, '1900-01-01 00:00:00', -1, '1900-01-01 00:00:00', -1),
(345, 'never', 'Y', NULL, NULL, NULL, NULL, NULL, NULL, NULL, NULL, NULL, NULL, '1900-01-01 00:00:00', -1, '1900-01-01 00:00:00', -1),
(346, 'neverf', 'Y', NULL, NULL, NULL, NULL, NULL, NULL, NULL, NULL, NULL, NULL, '1900-01-01 00:00:00', -1, '1900-01-01 00:00:00', -1),
(347, 'neverless', 'Y', NULL, NULL, NULL, NULL, NULL, NULL, NULL, NULL, NULL, NULL, '1900-01-01 00:00:00', -1, '1900-01-01 00:00:00', -1),
(348, 'nevertheless', 'Y', NULL, NULL, NULL, NULL, NULL, NULL, NULL, NULL, NULL, NULL, '1900-01-01 00:00:00', -1, '1900-01-01 00:00:00', -1),
(349, 'new', 'Y', NULL, NULL, NULL, NULL, NULL, NULL, NULL, NULL, NULL, NULL, '1900-01-01 00:00:00', -1, '1900-01-01 00:00:00', -1),
(350, 'next', 'Y', NULL, NULL, NULL, NULL, NULL, NULL, NULL, NULL, NULL, NULL, '1900-01-01 00:00:00', -1, '1900-01-01 00:00:00', -1),
(351, 'nine', 'Y', NULL, NULL, NULL, NULL, NULL, NULL, NULL, NULL, NULL, NULL, '1900-01-01 00:00:00', -1, '1900-01-01 00:00:00', -1),
(352, 'ninety', 'Y', NULL, NULL, NULL, NULL, NULL, NULL, NULL, NULL, NULL, NULL, '1900-01-01 00:00:00', -1, '1900-01-01 00:00:00', -1),
(353, 'no', 'Y', NULL, NULL, NULL, NULL, NULL, NULL, NULL, NULL, NULL, NULL, '1900-01-01 00:00:00', -1, '1900-01-01 00:00:00', -1),
(354, 'nobody', 'Y', NULL, NULL, NULL, NULL, NULL, NULL, NULL, NULL, NULL, NULL, '1900-01-01 00:00:00', -1, '1900-01-01 00:00:00', -1),
(355, 'non', 'Y', NULL, NULL, NULL, NULL, NULL, NULL, NULL, NULL, NULL, NULL, '1900-01-01 00:00:00', -1, '1900-01-01 00:00:00', -1),
(356, 'none', 'Y', NULL, NULL, NULL, NULL, NULL, NULL, NULL, NULL, NULL, NULL, '1900-01-01 00:00:00', -1, '1900-01-01 00:00:00', -1),
(357, 'nonetheless', 'Y', NULL, NULL, NULL, NULL, NULL, NULL, NULL, NULL, NULL, NULL, '1900-01-01 00:00:00', -1, '1900-01-01 00:00:00', -1),
(358, 'noone', 'Y', NULL, NULL, NULL, NULL, NULL, NULL, NULL, NULL, NULL, NULL, '1900-01-01 00:00:00', -1, '1900-01-01 00:00:00', -1),
(359, 'no-one', 'Y', NULL, NULL, NULL, NULL, NULL, NULL, NULL, NULL, NULL, NULL, '1900-01-01 00:00:00', -1, '1900-01-01 00:00:00', -1),
(360, 'nor', 'Y', NULL, NULL, NULL, NULL, NULL, NULL, NULL, NULL, NULL, NULL, '1900-01-01 00:00:00', -1, '1900-01-01 00:00:00', -1),
(361, 'normally', 'Y', NULL, NULL, NULL, NULL, NULL, NULL, NULL, NULL, NULL, NULL, '1900-01-01 00:00:00', -1, '1900-01-01 00:00:00', -1),
(362, 'not', 'Y', NULL, NULL, NULL, NULL, NULL, NULL, NULL, NULL, NULL, NULL, '1900-01-01 00:00:00', -1, '1900-01-01 00:00:00', -1),
(363, 'nothing', 'Y', NULL, NULL, NULL, NULL, NULL, NULL, NULL, NULL, NULL, NULL, '1900-01-01 00:00:00', -1, '1900-01-01 00:00:00', -1),
(364, 'notwithstanding', 'Y', NULL, NULL, NULL, NULL, NULL, NULL, NULL, NULL, NULL, NULL, '1900-01-01 00:00:00', -1, '1900-01-01 00:00:00', -1),
(365, 'novel', 'Y', NULL, NULL, NULL, NULL, NULL, NULL, NULL, NULL, NULL, NULL, '1900-01-01 00:00:00', -1, '1900-01-01 00:00:00', -1),
(366, 'now', 'Y', NULL, NULL, NULL, NULL, NULL, NULL, NULL, NULL, NULL, NULL, '1900-01-01 00:00:00', -1, '1900-01-01 00:00:00', -1),
(367, 'nowhere', 'Y', NULL, NULL, NULL, NULL, NULL, NULL, NULL, NULL, NULL, NULL, '1900-01-01 00:00:00', -1, '1900-01-01 00:00:00', -1),
(368, 'o', 'Y', NULL, NULL, NULL, NULL, NULL, NULL, NULL, NULL, NULL, NULL, '1900-01-01 00:00:00', -1, '1900-01-01 00:00:00', -1),
(369, 'obviously', 'Y', NULL, NULL, NULL, NULL, NULL, NULL, NULL, NULL, NULL, NULL, '1900-01-01 00:00:00', -1, '1900-01-01 00:00:00', -1),
(370, 'of', 'Y', NULL, NULL, NULL, NULL, NULL, NULL, NULL, NULL, NULL, NULL, '1900-01-01 00:00:00', -1, '1900-01-01 00:00:00', -1),
(371, 'off', 'Y', NULL, NULL, NULL, NULL, NULL, NULL, NULL, NULL, NULL, NULL, '1900-01-01 00:00:00', -1, '1900-01-01 00:00:00', -1),
(372, 'often', 'Y', NULL, NULL, NULL, NULL, NULL, NULL, NULL, NULL, NULL, NULL, '1900-01-01 00:00:00', -1, '1900-01-01 00:00:00', -1),
(373, 'oh', 'Y', NULL, NULL, NULL, NULL, NULL, NULL, NULL, NULL, NULL, NULL, '1900-01-01 00:00:00', -1, '1900-01-01 00:00:00', -1);
INSERT INTO `core_nx3_search_stop_word` (`stop_word_id`, `stop_word`, `enabled_yn`, `attribute1`, `attribute2`, `attribute3`, `attribute4`, `attribute5`, `attribute6`, `attribute7`, `attribute8`, `attribute9`, `attribute10`, `created_date`, `created_by`, `updated_date`, `updated_by`) VALUES
(374, 'ok', 'Y', NULL, NULL, NULL, NULL, NULL, NULL, NULL, NULL, NULL, NULL, '1900-01-01 00:00:00', -1, '1900-01-01 00:00:00', -1),
(375, 'okay', 'Y', NULL, NULL, NULL, NULL, NULL, NULL, NULL, NULL, NULL, NULL, '1900-01-01 00:00:00', -1, '1900-01-01 00:00:00', -1),
(376, 'old', 'Y', NULL, NULL, NULL, NULL, NULL, NULL, NULL, NULL, NULL, NULL, '1900-01-01 00:00:00', -1, '1900-01-01 00:00:00', -1),
(377, 'on', 'Y', NULL, NULL, NULL, NULL, NULL, NULL, NULL, NULL, NULL, NULL, '1900-01-01 00:00:00', -1, '1900-01-01 00:00:00', -1),
(378, 'once', 'Y', NULL, NULL, NULL, NULL, NULL, NULL, NULL, NULL, NULL, NULL, '1900-01-01 00:00:00', -1, '1900-01-01 00:00:00', -1),
(379, 'one', 'Y', NULL, NULL, NULL, NULL, NULL, NULL, NULL, NULL, NULL, NULL, '1900-01-01 00:00:00', -1, '1900-01-01 00:00:00', -1),
(380, 'ones', 'Y', NULL, NULL, NULL, NULL, NULL, NULL, NULL, NULL, NULL, NULL, '1900-01-01 00:00:00', -1, '1900-01-01 00:00:00', -1),
(381, 'one''s', 'Y', NULL, NULL, NULL, NULL, NULL, NULL, NULL, NULL, NULL, NULL, '1900-01-01 00:00:00', -1, '1900-01-01 00:00:00', -1),
(382, 'only', 'Y', NULL, NULL, NULL, NULL, NULL, NULL, NULL, NULL, NULL, NULL, '1900-01-01 00:00:00', -1, '1900-01-01 00:00:00', -1),
(383, 'onto', 'Y', NULL, NULL, NULL, NULL, NULL, NULL, NULL, NULL, NULL, NULL, '1900-01-01 00:00:00', -1, '1900-01-01 00:00:00', -1),
(384, 'opposite', 'Y', NULL, NULL, NULL, NULL, NULL, NULL, NULL, NULL, NULL, NULL, '1900-01-01 00:00:00', -1, '1900-01-01 00:00:00', -1),
(385, 'or', 'Y', NULL, NULL, NULL, NULL, NULL, NULL, NULL, NULL, NULL, NULL, '1900-01-01 00:00:00', -1, '1900-01-01 00:00:00', -1),
(386, 'other', 'Y', NULL, NULL, NULL, NULL, NULL, NULL, NULL, NULL, NULL, NULL, '1900-01-01 00:00:00', -1, '1900-01-01 00:00:00', -1),
(387, 'others', 'Y', NULL, NULL, NULL, NULL, NULL, NULL, NULL, NULL, NULL, NULL, '1900-01-01 00:00:00', -1, '1900-01-01 00:00:00', -1),
(388, 'otherwise', 'Y', NULL, NULL, NULL, NULL, NULL, NULL, NULL, NULL, NULL, NULL, '1900-01-01 00:00:00', -1, '1900-01-01 00:00:00', -1),
(389, 'ought', 'Y', NULL, NULL, NULL, NULL, NULL, NULL, NULL, NULL, NULL, NULL, '1900-01-01 00:00:00', -1, '1900-01-01 00:00:00', -1),
(390, 'oughtn''t', 'Y', NULL, NULL, NULL, NULL, NULL, NULL, NULL, NULL, NULL, NULL, '1900-01-01 00:00:00', -1, '1900-01-01 00:00:00', -1),
(391, 'our', 'Y', NULL, NULL, NULL, NULL, NULL, NULL, NULL, NULL, NULL, NULL, '1900-01-01 00:00:00', -1, '1900-01-01 00:00:00', -1),
(392, 'ours', 'Y', NULL, NULL, NULL, NULL, NULL, NULL, NULL, NULL, NULL, NULL, '1900-01-01 00:00:00', -1, '1900-01-01 00:00:00', -1),
(393, 'ourselves', 'Y', NULL, NULL, NULL, NULL, NULL, NULL, NULL, NULL, NULL, NULL, '1900-01-01 00:00:00', -1, '1900-01-01 00:00:00', -1),
(394, 'out', 'Y', NULL, NULL, NULL, NULL, NULL, NULL, NULL, NULL, NULL, NULL, '1900-01-01 00:00:00', -1, '1900-01-01 00:00:00', -1),
(395, 'outside', 'Y', NULL, NULL, NULL, NULL, NULL, NULL, NULL, NULL, NULL, NULL, '1900-01-01 00:00:00', -1, '1900-01-01 00:00:00', -1),
(396, 'over', 'Y', NULL, NULL, NULL, NULL, NULL, NULL, NULL, NULL, NULL, NULL, '1900-01-01 00:00:00', -1, '1900-01-01 00:00:00', -1),
(397, 'overall', 'Y', NULL, NULL, NULL, NULL, NULL, NULL, NULL, NULL, NULL, NULL, '1900-01-01 00:00:00', -1, '1900-01-01 00:00:00', -1),
(398, 'own', 'Y', NULL, NULL, NULL, NULL, NULL, NULL, NULL, NULL, NULL, NULL, '1900-01-01 00:00:00', -1, '1900-01-01 00:00:00', -1),
(399, 'p', 'Y', NULL, NULL, NULL, NULL, NULL, NULL, NULL, NULL, NULL, NULL, '1900-01-01 00:00:00', -1, '1900-01-01 00:00:00', -1),
(400, 'particular', 'Y', NULL, NULL, NULL, NULL, NULL, NULL, NULL, NULL, NULL, NULL, '1900-01-01 00:00:00', -1, '1900-01-01 00:00:00', -1),
(401, 'particularly', 'Y', NULL, NULL, NULL, NULL, NULL, NULL, NULL, NULL, NULL, NULL, '1900-01-01 00:00:00', -1, '1900-01-01 00:00:00', -1),
(402, 'past', 'Y', NULL, NULL, NULL, NULL, NULL, NULL, NULL, NULL, NULL, NULL, '1900-01-01 00:00:00', -1, '1900-01-01 00:00:00', -1),
(403, 'per', 'Y', NULL, NULL, NULL, NULL, NULL, NULL, NULL, NULL, NULL, NULL, '1900-01-01 00:00:00', -1, '1900-01-01 00:00:00', -1),
(404, 'perhaps', 'Y', NULL, NULL, NULL, NULL, NULL, NULL, NULL, NULL, NULL, NULL, '1900-01-01 00:00:00', -1, '1900-01-01 00:00:00', -1),
(405, 'placed', 'Y', NULL, NULL, NULL, NULL, NULL, NULL, NULL, NULL, NULL, NULL, '1900-01-01 00:00:00', -1, '1900-01-01 00:00:00', -1),
(406, 'please', 'Y', NULL, NULL, NULL, NULL, NULL, NULL, NULL, NULL, NULL, NULL, '1900-01-01 00:00:00', -1, '1900-01-01 00:00:00', -1),
(407, 'plus', 'Y', NULL, NULL, NULL, NULL, NULL, NULL, NULL, NULL, NULL, NULL, '1900-01-01 00:00:00', -1, '1900-01-01 00:00:00', -1),
(408, 'possible', 'Y', NULL, NULL, NULL, NULL, NULL, NULL, NULL, NULL, NULL, NULL, '1900-01-01 00:00:00', -1, '1900-01-01 00:00:00', -1),
(409, 'presumably', 'Y', NULL, NULL, NULL, NULL, NULL, NULL, NULL, NULL, NULL, NULL, '1900-01-01 00:00:00', -1, '1900-01-01 00:00:00', -1),
(410, 'probably', 'Y', NULL, NULL, NULL, NULL, NULL, NULL, NULL, NULL, NULL, NULL, '1900-01-01 00:00:00', -1, '1900-01-01 00:00:00', -1),
(411, 'provided', 'Y', NULL, NULL, NULL, NULL, NULL, NULL, NULL, NULL, NULL, NULL, '1900-01-01 00:00:00', -1, '1900-01-01 00:00:00', -1),
(412, 'provides', 'Y', NULL, NULL, NULL, NULL, NULL, NULL, NULL, NULL, NULL, NULL, '1900-01-01 00:00:00', -1, '1900-01-01 00:00:00', -1),
(413, 'q', 'Y', NULL, NULL, NULL, NULL, NULL, NULL, NULL, NULL, NULL, NULL, '1900-01-01 00:00:00', -1, '1900-01-01 00:00:00', -1),
(414, 'que', 'Y', NULL, NULL, NULL, NULL, NULL, NULL, NULL, NULL, NULL, NULL, '1900-01-01 00:00:00', -1, '1900-01-01 00:00:00', -1),
(415, 'quite', 'Y', NULL, NULL, NULL, NULL, NULL, NULL, NULL, NULL, NULL, NULL, '1900-01-01 00:00:00', -1, '1900-01-01 00:00:00', -1),
(416, 'qv', 'Y', NULL, NULL, NULL, NULL, NULL, NULL, NULL, NULL, NULL, NULL, '1900-01-01 00:00:00', -1, '1900-01-01 00:00:00', -1),
(417, 'r', 'Y', NULL, NULL, NULL, NULL, NULL, NULL, NULL, NULL, NULL, NULL, '1900-01-01 00:00:00', -1, '1900-01-01 00:00:00', -1),
(418, 'rather', 'Y', NULL, NULL, NULL, NULL, NULL, NULL, NULL, NULL, NULL, NULL, '1900-01-01 00:00:00', -1, '1900-01-01 00:00:00', -1),
(419, 'rd', 'Y', NULL, NULL, NULL, NULL, NULL, NULL, NULL, NULL, NULL, NULL, '1900-01-01 00:00:00', -1, '1900-01-01 00:00:00', -1),
(420, 're', 'Y', NULL, NULL, NULL, NULL, NULL, NULL, NULL, NULL, NULL, NULL, '1900-01-01 00:00:00', -1, '1900-01-01 00:00:00', -1),
(421, 'really', 'Y', NULL, NULL, NULL, NULL, NULL, NULL, NULL, NULL, NULL, NULL, '1900-01-01 00:00:00', -1, '1900-01-01 00:00:00', -1),
(422, 'reasonably', 'Y', NULL, NULL, NULL, NULL, NULL, NULL, NULL, NULL, NULL, NULL, '1900-01-01 00:00:00', -1, '1900-01-01 00:00:00', -1),
(423, 'recent', 'Y', NULL, NULL, NULL, NULL, NULL, NULL, NULL, NULL, NULL, NULL, '1900-01-01 00:00:00', -1, '1900-01-01 00:00:00', -1),
(424, 'recently', 'Y', NULL, NULL, NULL, NULL, NULL, NULL, NULL, NULL, NULL, NULL, '1900-01-01 00:00:00', -1, '1900-01-01 00:00:00', -1),
(425, 'regarding', 'Y', NULL, NULL, NULL, NULL, NULL, NULL, NULL, NULL, NULL, NULL, '1900-01-01 00:00:00', -1, '1900-01-01 00:00:00', -1),
(426, 'regardless', 'Y', NULL, NULL, NULL, NULL, NULL, NULL, NULL, NULL, NULL, NULL, '1900-01-01 00:00:00', -1, '1900-01-01 00:00:00', -1),
(427, 'regards', 'Y', NULL, NULL, NULL, NULL, NULL, NULL, NULL, NULL, NULL, NULL, '1900-01-01 00:00:00', -1, '1900-01-01 00:00:00', -1),
(428, 'relatively', 'Y', NULL, NULL, NULL, NULL, NULL, NULL, NULL, NULL, NULL, NULL, '1900-01-01 00:00:00', -1, '1900-01-01 00:00:00', -1),
(429, 'respectively', 'Y', NULL, NULL, NULL, NULL, NULL, NULL, NULL, NULL, NULL, NULL, '1900-01-01 00:00:00', -1, '1900-01-01 00:00:00', -1),
(430, 'right', 'Y', NULL, NULL, NULL, NULL, NULL, NULL, NULL, NULL, NULL, NULL, '1900-01-01 00:00:00', -1, '1900-01-01 00:00:00', -1),
(431, 'round', 'Y', NULL, NULL, NULL, NULL, NULL, NULL, NULL, NULL, NULL, NULL, '1900-01-01 00:00:00', -1, '1900-01-01 00:00:00', -1),
(432, 's', 'Y', NULL, NULL, NULL, NULL, NULL, NULL, NULL, NULL, NULL, NULL, '1900-01-01 00:00:00', -1, '1900-01-01 00:00:00', -1),
(433, 'said', 'Y', NULL, NULL, NULL, NULL, NULL, NULL, NULL, NULL, NULL, NULL, '1900-01-01 00:00:00', -1, '1900-01-01 00:00:00', -1),
(434, 'same', 'Y', NULL, NULL, NULL, NULL, NULL, NULL, NULL, NULL, NULL, NULL, '1900-01-01 00:00:00', -1, '1900-01-01 00:00:00', -1),
(435, 'saw', 'Y', NULL, NULL, NULL, NULL, NULL, NULL, NULL, NULL, NULL, NULL, '1900-01-01 00:00:00', -1, '1900-01-01 00:00:00', -1),
(436, 'say', 'Y', NULL, NULL, NULL, NULL, NULL, NULL, NULL, NULL, NULL, NULL, '1900-01-01 00:00:00', -1, '1900-01-01 00:00:00', -1),
(437, 'saying', 'Y', NULL, NULL, NULL, NULL, NULL, NULL, NULL, NULL, NULL, NULL, '1900-01-01 00:00:00', -1, '1900-01-01 00:00:00', -1),
(438, 'says', 'Y', NULL, NULL, NULL, NULL, NULL, NULL, NULL, NULL, NULL, NULL, '1900-01-01 00:00:00', -1, '1900-01-01 00:00:00', -1),
(439, 'second', 'Y', NULL, NULL, NULL, NULL, NULL, NULL, NULL, NULL, NULL, NULL, '1900-01-01 00:00:00', -1, '1900-01-01 00:00:00', -1),
(440, 'secondly', 'Y', NULL, NULL, NULL, NULL, NULL, NULL, NULL, NULL, NULL, NULL, '1900-01-01 00:00:00', -1, '1900-01-01 00:00:00', -1),
(441, 'see', 'Y', NULL, NULL, NULL, NULL, NULL, NULL, NULL, NULL, NULL, NULL, '1900-01-01 00:00:00', -1, '1900-01-01 00:00:00', -1),
(442, 'seeing', 'Y', NULL, NULL, NULL, NULL, NULL, NULL, NULL, NULL, NULL, NULL, '1900-01-01 00:00:00', -1, '1900-01-01 00:00:00', -1),
(443, 'seem', 'Y', NULL, NULL, NULL, NULL, NULL, NULL, NULL, NULL, NULL, NULL, '1900-01-01 00:00:00', -1, '1900-01-01 00:00:00', -1),
(444, 'seemed', 'Y', NULL, NULL, NULL, NULL, NULL, NULL, NULL, NULL, NULL, NULL, '1900-01-01 00:00:00', -1, '1900-01-01 00:00:00', -1),
(445, 'seeming', 'Y', NULL, NULL, NULL, NULL, NULL, NULL, NULL, NULL, NULL, NULL, '1900-01-01 00:00:00', -1, '1900-01-01 00:00:00', -1),
(446, 'seems', 'Y', NULL, NULL, NULL, NULL, NULL, NULL, NULL, NULL, NULL, NULL, '1900-01-01 00:00:00', -1, '1900-01-01 00:00:00', -1),
(447, 'seen', 'Y', NULL, NULL, NULL, NULL, NULL, NULL, NULL, NULL, NULL, NULL, '1900-01-01 00:00:00', -1, '1900-01-01 00:00:00', -1),
(448, 'self', 'Y', NULL, NULL, NULL, NULL, NULL, NULL, NULL, NULL, NULL, NULL, '1900-01-01 00:00:00', -1, '1900-01-01 00:00:00', -1),
(449, 'selves', 'Y', NULL, NULL, NULL, NULL, NULL, NULL, NULL, NULL, NULL, NULL, '1900-01-01 00:00:00', -1, '1900-01-01 00:00:00', -1),
(450, 'sensible', 'Y', NULL, NULL, NULL, NULL, NULL, NULL, NULL, NULL, NULL, NULL, '1900-01-01 00:00:00', -1, '1900-01-01 00:00:00', -1),
(451, 'sent', 'Y', NULL, NULL, NULL, NULL, NULL, NULL, NULL, NULL, NULL, NULL, '1900-01-01 00:00:00', -1, '1900-01-01 00:00:00', -1),
(452, 'serious', 'Y', NULL, NULL, NULL, NULL, NULL, NULL, NULL, NULL, NULL, NULL, '1900-01-01 00:00:00', -1, '1900-01-01 00:00:00', -1),
(453, 'seriously', 'Y', NULL, NULL, NULL, NULL, NULL, NULL, NULL, NULL, NULL, NULL, '1900-01-01 00:00:00', -1, '1900-01-01 00:00:00', -1),
(454, 'seven', 'Y', NULL, NULL, NULL, NULL, NULL, NULL, NULL, NULL, NULL, NULL, '1900-01-01 00:00:00', -1, '1900-01-01 00:00:00', -1),
(455, 'several', 'Y', NULL, NULL, NULL, NULL, NULL, NULL, NULL, NULL, NULL, NULL, '1900-01-01 00:00:00', -1, '1900-01-01 00:00:00', -1),
(456, 'shall', 'Y', NULL, NULL, NULL, NULL, NULL, NULL, NULL, NULL, NULL, NULL, '1900-01-01 00:00:00', -1, '1900-01-01 00:00:00', -1),
(457, 'shan''t', 'Y', NULL, NULL, NULL, NULL, NULL, NULL, NULL, NULL, NULL, NULL, '1900-01-01 00:00:00', -1, '1900-01-01 00:00:00', -1),
(458, 'she', 'Y', NULL, NULL, NULL, NULL, NULL, NULL, NULL, NULL, NULL, NULL, '1900-01-01 00:00:00', -1, '1900-01-01 00:00:00', -1),
(459, 'she''d', 'Y', NULL, NULL, NULL, NULL, NULL, NULL, NULL, NULL, NULL, NULL, '1900-01-01 00:00:00', -1, '1900-01-01 00:00:00', -1),
(460, 'she''ll', 'Y', NULL, NULL, NULL, NULL, NULL, NULL, NULL, NULL, NULL, NULL, '1900-01-01 00:00:00', -1, '1900-01-01 00:00:00', -1),
(461, 'she''s', 'Y', NULL, NULL, NULL, NULL, NULL, NULL, NULL, NULL, NULL, NULL, '1900-01-01 00:00:00', -1, '1900-01-01 00:00:00', -1),
(462, 'should', 'Y', NULL, NULL, NULL, NULL, NULL, NULL, NULL, NULL, NULL, NULL, '1900-01-01 00:00:00', -1, '1900-01-01 00:00:00', -1),
(463, 'shouldn''t', 'Y', NULL, NULL, NULL, NULL, NULL, NULL, NULL, NULL, NULL, NULL, '1900-01-01 00:00:00', -1, '1900-01-01 00:00:00', -1),
(464, 'since', 'Y', NULL, NULL, NULL, NULL, NULL, NULL, NULL, NULL, NULL, NULL, '1900-01-01 00:00:00', -1, '1900-01-01 00:00:00', -1),
(465, 'six', 'Y', NULL, NULL, NULL, NULL, NULL, NULL, NULL, NULL, NULL, NULL, '1900-01-01 00:00:00', -1, '1900-01-01 00:00:00', -1),
(466, 'so', 'Y', NULL, NULL, NULL, NULL, NULL, NULL, NULL, NULL, NULL, NULL, '1900-01-01 00:00:00', -1, '1900-01-01 00:00:00', -1),
(467, 'some', 'Y', NULL, NULL, NULL, NULL, NULL, NULL, NULL, NULL, NULL, NULL, '1900-01-01 00:00:00', -1, '1900-01-01 00:00:00', -1),
(468, 'somebody', 'Y', NULL, NULL, NULL, NULL, NULL, NULL, NULL, NULL, NULL, NULL, '1900-01-01 00:00:00', -1, '1900-01-01 00:00:00', -1),
(469, 'someday', 'Y', NULL, NULL, NULL, NULL, NULL, NULL, NULL, NULL, NULL, NULL, '1900-01-01 00:00:00', -1, '1900-01-01 00:00:00', -1),
(470, 'somehow', 'Y', NULL, NULL, NULL, NULL, NULL, NULL, NULL, NULL, NULL, NULL, '1900-01-01 00:00:00', -1, '1900-01-01 00:00:00', -1),
(471, 'someone', 'Y', NULL, NULL, NULL, NULL, NULL, NULL, NULL, NULL, NULL, NULL, '1900-01-01 00:00:00', -1, '1900-01-01 00:00:00', -1),
(472, 'something', 'Y', NULL, NULL, NULL, NULL, NULL, NULL, NULL, NULL, NULL, NULL, '1900-01-01 00:00:00', -1, '1900-01-01 00:00:00', -1),
(473, 'sometime', 'Y', NULL, NULL, NULL, NULL, NULL, NULL, NULL, NULL, NULL, NULL, '1900-01-01 00:00:00', -1, '1900-01-01 00:00:00', -1),
(474, 'sometimes', 'Y', NULL, NULL, NULL, NULL, NULL, NULL, NULL, NULL, NULL, NULL, '1900-01-01 00:00:00', -1, '1900-01-01 00:00:00', -1),
(475, 'somewhat', 'Y', NULL, NULL, NULL, NULL, NULL, NULL, NULL, NULL, NULL, NULL, '1900-01-01 00:00:00', -1, '1900-01-01 00:00:00', -1),
(476, 'somewhere', 'Y', NULL, NULL, NULL, NULL, NULL, NULL, NULL, NULL, NULL, NULL, '1900-01-01 00:00:00', -1, '1900-01-01 00:00:00', -1),
(477, 'soon', 'Y', NULL, NULL, NULL, NULL, NULL, NULL, NULL, NULL, NULL, NULL, '1900-01-01 00:00:00', -1, '1900-01-01 00:00:00', -1),
(478, 'sorry', 'Y', NULL, NULL, NULL, NULL, NULL, NULL, NULL, NULL, NULL, NULL, '1900-01-01 00:00:00', -1, '1900-01-01 00:00:00', -1),
(479, 'specified', 'Y', NULL, NULL, NULL, NULL, NULL, NULL, NULL, NULL, NULL, NULL, '1900-01-01 00:00:00', -1, '1900-01-01 00:00:00', -1),
(480, 'specify', 'Y', NULL, NULL, NULL, NULL, NULL, NULL, NULL, NULL, NULL, NULL, '1900-01-01 00:00:00', -1, '1900-01-01 00:00:00', -1),
(481, 'specifying', 'Y', NULL, NULL, NULL, NULL, NULL, NULL, NULL, NULL, NULL, NULL, '1900-01-01 00:00:00', -1, '1900-01-01 00:00:00', -1),
(482, 'still', 'Y', NULL, NULL, NULL, NULL, NULL, NULL, NULL, NULL, NULL, NULL, '1900-01-01 00:00:00', -1, '1900-01-01 00:00:00', -1),
(483, 'sub', 'Y', NULL, NULL, NULL, NULL, NULL, NULL, NULL, NULL, NULL, NULL, '1900-01-01 00:00:00', -1, '1900-01-01 00:00:00', -1),
(484, 'such', 'Y', NULL, NULL, NULL, NULL, NULL, NULL, NULL, NULL, NULL, NULL, '1900-01-01 00:00:00', -1, '1900-01-01 00:00:00', -1),
(485, 'sup', 'Y', NULL, NULL, NULL, NULL, NULL, NULL, NULL, NULL, NULL, NULL, '1900-01-01 00:00:00', -1, '1900-01-01 00:00:00', -1),
(486, 'sure', 'Y', NULL, NULL, NULL, NULL, NULL, NULL, NULL, NULL, NULL, NULL, '1900-01-01 00:00:00', -1, '1900-01-01 00:00:00', -1),
(487, 't', 'Y', NULL, NULL, NULL, NULL, NULL, NULL, NULL, NULL, NULL, NULL, '1900-01-01 00:00:00', -1, '1900-01-01 00:00:00', -1),
(488, 'take', 'Y', NULL, NULL, NULL, NULL, NULL, NULL, NULL, NULL, NULL, NULL, '1900-01-01 00:00:00', -1, '1900-01-01 00:00:00', -1),
(489, 'taken', 'Y', NULL, NULL, NULL, NULL, NULL, NULL, NULL, NULL, NULL, NULL, '1900-01-01 00:00:00', -1, '1900-01-01 00:00:00', -1),
(490, 'taking', 'Y', NULL, NULL, NULL, NULL, NULL, NULL, NULL, NULL, NULL, NULL, '1900-01-01 00:00:00', -1, '1900-01-01 00:00:00', -1),
(491, 'tell', 'Y', NULL, NULL, NULL, NULL, NULL, NULL, NULL, NULL, NULL, NULL, '1900-01-01 00:00:00', -1, '1900-01-01 00:00:00', -1),
(492, 'tends', 'Y', NULL, NULL, NULL, NULL, NULL, NULL, NULL, NULL, NULL, NULL, '1900-01-01 00:00:00', -1, '1900-01-01 00:00:00', -1),
(493, 'th', 'Y', NULL, NULL, NULL, NULL, NULL, NULL, NULL, NULL, NULL, NULL, '1900-01-01 00:00:00', -1, '1900-01-01 00:00:00', -1),
(494, 'than', 'Y', NULL, NULL, NULL, NULL, NULL, NULL, NULL, NULL, NULL, NULL, '1900-01-01 00:00:00', -1, '1900-01-01 00:00:00', -1),
(495, 'thank', 'Y', NULL, NULL, NULL, NULL, NULL, NULL, NULL, NULL, NULL, NULL, '1900-01-01 00:00:00', -1, '1900-01-01 00:00:00', -1),
(496, 'thanks', 'Y', NULL, NULL, NULL, NULL, NULL, NULL, NULL, NULL, NULL, NULL, '1900-01-01 00:00:00', -1, '1900-01-01 00:00:00', -1),
(497, 'thanx', 'Y', NULL, NULL, NULL, NULL, NULL, NULL, NULL, NULL, NULL, NULL, '1900-01-01 00:00:00', -1, '1900-01-01 00:00:00', -1),
(498, 'that', 'Y', NULL, NULL, NULL, NULL, NULL, NULL, NULL, NULL, NULL, NULL, '1900-01-01 00:00:00', -1, '1900-01-01 00:00:00', -1),
(499, 'that''ll', 'Y', NULL, NULL, NULL, NULL, NULL, NULL, NULL, NULL, NULL, NULL, '1900-01-01 00:00:00', -1, '1900-01-01 00:00:00', -1),
(500, 'thats', 'Y', NULL, NULL, NULL, NULL, NULL, NULL, NULL, NULL, NULL, NULL, '1900-01-01 00:00:00', -1, '1900-01-01 00:00:00', -1),
(501, 'that''s', 'Y', NULL, NULL, NULL, NULL, NULL, NULL, NULL, NULL, NULL, NULL, '1900-01-01 00:00:00', -1, '1900-01-01 00:00:00', -1),
(502, 'that''ve', 'Y', NULL, NULL, NULL, NULL, NULL, NULL, NULL, NULL, NULL, NULL, '1900-01-01 00:00:00', -1, '1900-01-01 00:00:00', -1),
(503, 'the', 'Y', NULL, NULL, NULL, NULL, NULL, NULL, NULL, NULL, NULL, NULL, '1900-01-01 00:00:00', -1, '1900-01-01 00:00:00', -1),
(504, 'their', 'Y', NULL, NULL, NULL, NULL, NULL, NULL, NULL, NULL, NULL, NULL, '1900-01-01 00:00:00', -1, '1900-01-01 00:00:00', -1),
(505, 'theirs', 'Y', NULL, NULL, NULL, NULL, NULL, NULL, NULL, NULL, NULL, NULL, '1900-01-01 00:00:00', -1, '1900-01-01 00:00:00', -1),
(506, 'them', 'Y', NULL, NULL, NULL, NULL, NULL, NULL, NULL, NULL, NULL, NULL, '1900-01-01 00:00:00', -1, '1900-01-01 00:00:00', -1),
(507, 'themselves', 'Y', NULL, NULL, NULL, NULL, NULL, NULL, NULL, NULL, NULL, NULL, '1900-01-01 00:00:00', -1, '1900-01-01 00:00:00', -1),
(508, 'then', 'Y', NULL, NULL, NULL, NULL, NULL, NULL, NULL, NULL, NULL, NULL, '1900-01-01 00:00:00', -1, '1900-01-01 00:00:00', -1),
(509, 'thence', 'Y', NULL, NULL, NULL, NULL, NULL, NULL, NULL, NULL, NULL, NULL, '1900-01-01 00:00:00', -1, '1900-01-01 00:00:00', -1),
(510, 'there', 'Y', NULL, NULL, NULL, NULL, NULL, NULL, NULL, NULL, NULL, NULL, '1900-01-01 00:00:00', -1, '1900-01-01 00:00:00', -1),
(511, 'thereafter', 'Y', NULL, NULL, NULL, NULL, NULL, NULL, NULL, NULL, NULL, NULL, '1900-01-01 00:00:00', -1, '1900-01-01 00:00:00', -1),
(512, 'thereby', 'Y', NULL, NULL, NULL, NULL, NULL, NULL, NULL, NULL, NULL, NULL, '1900-01-01 00:00:00', -1, '1900-01-01 00:00:00', -1),
(513, 'there''d', 'Y', NULL, NULL, NULL, NULL, NULL, NULL, NULL, NULL, NULL, NULL, '1900-01-01 00:00:00', -1, '1900-01-01 00:00:00', -1),
(514, 'therefore', 'Y', NULL, NULL, NULL, NULL, NULL, NULL, NULL, NULL, NULL, NULL, '1900-01-01 00:00:00', -1, '1900-01-01 00:00:00', -1),
(515, 'therein', 'Y', NULL, NULL, NULL, NULL, NULL, NULL, NULL, NULL, NULL, NULL, '1900-01-01 00:00:00', -1, '1900-01-01 00:00:00', -1),
(516, 'there''ll', 'Y', NULL, NULL, NULL, NULL, NULL, NULL, NULL, NULL, NULL, NULL, '1900-01-01 00:00:00', -1, '1900-01-01 00:00:00', -1),
(517, 'there''re', 'Y', NULL, NULL, NULL, NULL, NULL, NULL, NULL, NULL, NULL, NULL, '1900-01-01 00:00:00', -1, '1900-01-01 00:00:00', -1),
(518, 'theres', 'Y', NULL, NULL, NULL, NULL, NULL, NULL, NULL, NULL, NULL, NULL, '1900-01-01 00:00:00', -1, '1900-01-01 00:00:00', -1),
(519, 'there''s', 'Y', NULL, NULL, NULL, NULL, NULL, NULL, NULL, NULL, NULL, NULL, '1900-01-01 00:00:00', -1, '1900-01-01 00:00:00', -1),
(520, 'thereupon', 'Y', NULL, NULL, NULL, NULL, NULL, NULL, NULL, NULL, NULL, NULL, '1900-01-01 00:00:00', -1, '1900-01-01 00:00:00', -1),
(521, 'there''ve', 'Y', NULL, NULL, NULL, NULL, NULL, NULL, NULL, NULL, NULL, NULL, '1900-01-01 00:00:00', -1, '1900-01-01 00:00:00', -1),
(522, 'these', 'Y', NULL, NULL, NULL, NULL, NULL, NULL, NULL, NULL, NULL, NULL, '1900-01-01 00:00:00', -1, '1900-01-01 00:00:00', -1),
(523, 'they', 'Y', NULL, NULL, NULL, NULL, NULL, NULL, NULL, NULL, NULL, NULL, '1900-01-01 00:00:00', -1, '1900-01-01 00:00:00', -1),
(524, 'they''d', 'Y', NULL, NULL, NULL, NULL, NULL, NULL, NULL, NULL, NULL, NULL, '1900-01-01 00:00:00', -1, '1900-01-01 00:00:00', -1),
(525, 'they''ll', 'Y', NULL, NULL, NULL, NULL, NULL, NULL, NULL, NULL, NULL, NULL, '1900-01-01 00:00:00', -1, '1900-01-01 00:00:00', -1),
(526, 'they''re', 'Y', NULL, NULL, NULL, NULL, NULL, NULL, NULL, NULL, NULL, NULL, '1900-01-01 00:00:00', -1, '1900-01-01 00:00:00', -1),
(527, 'they''ve', 'Y', NULL, NULL, NULL, NULL, NULL, NULL, NULL, NULL, NULL, NULL, '1900-01-01 00:00:00', -1, '1900-01-01 00:00:00', -1),
(528, 'thing', 'Y', NULL, NULL, NULL, NULL, NULL, NULL, NULL, NULL, NULL, NULL, '1900-01-01 00:00:00', -1, '1900-01-01 00:00:00', -1),
(529, 'things', 'Y', NULL, NULL, NULL, NULL, NULL, NULL, NULL, NULL, NULL, NULL, '1900-01-01 00:00:00', -1, '1900-01-01 00:00:00', -1),
(530, 'think', 'Y', NULL, NULL, NULL, NULL, NULL, NULL, NULL, NULL, NULL, NULL, '1900-01-01 00:00:00', -1, '1900-01-01 00:00:00', -1),
(531, 'third', 'Y', NULL, NULL, NULL, NULL, NULL, NULL, NULL, NULL, NULL, NULL, '1900-01-01 00:00:00', -1, '1900-01-01 00:00:00', -1),
(532, 'thirty', 'Y', NULL, NULL, NULL, NULL, NULL, NULL, NULL, NULL, NULL, NULL, '1900-01-01 00:00:00', -1, '1900-01-01 00:00:00', -1),
(533, 'this', 'Y', NULL, NULL, NULL, NULL, NULL, NULL, NULL, NULL, NULL, NULL, '1900-01-01 00:00:00', -1, '1900-01-01 00:00:00', -1),
(534, 'thorough', 'Y', NULL, NULL, NULL, NULL, NULL, NULL, NULL, NULL, NULL, NULL, '1900-01-01 00:00:00', -1, '1900-01-01 00:00:00', -1),
(535, 'thoroughly', 'Y', NULL, NULL, NULL, NULL, NULL, NULL, NULL, NULL, NULL, NULL, '1900-01-01 00:00:00', -1, '1900-01-01 00:00:00', -1),
(536, 'those', 'Y', NULL, NULL, NULL, NULL, NULL, NULL, NULL, NULL, NULL, NULL, '1900-01-01 00:00:00', -1, '1900-01-01 00:00:00', -1),
(537, 'though', 'Y', NULL, NULL, NULL, NULL, NULL, NULL, NULL, NULL, NULL, NULL, '1900-01-01 00:00:00', -1, '1900-01-01 00:00:00', -1),
(538, 'three', 'Y', NULL, NULL, NULL, NULL, NULL, NULL, NULL, NULL, NULL, NULL, '1900-01-01 00:00:00', -1, '1900-01-01 00:00:00', -1),
(539, 'through', 'Y', NULL, NULL, NULL, NULL, NULL, NULL, NULL, NULL, NULL, NULL, '1900-01-01 00:00:00', -1, '1900-01-01 00:00:00', -1),
(540, 'throughout', 'Y', NULL, NULL, NULL, NULL, NULL, NULL, NULL, NULL, NULL, NULL, '1900-01-01 00:00:00', -1, '1900-01-01 00:00:00', -1),
(541, 'thru', 'Y', NULL, NULL, NULL, NULL, NULL, NULL, NULL, NULL, NULL, NULL, '1900-01-01 00:00:00', -1, '1900-01-01 00:00:00', -1),
(542, 'thus', 'Y', NULL, NULL, NULL, NULL, NULL, NULL, NULL, NULL, NULL, NULL, '1900-01-01 00:00:00', -1, '1900-01-01 00:00:00', -1),
(543, 'till', 'Y', NULL, NULL, NULL, NULL, NULL, NULL, NULL, NULL, NULL, NULL, '1900-01-01 00:00:00', -1, '1900-01-01 00:00:00', -1),
(544, 'to', 'Y', NULL, NULL, NULL, NULL, NULL, NULL, NULL, NULL, NULL, NULL, '1900-01-01 00:00:00', -1, '1900-01-01 00:00:00', -1),
(545, 'together', 'Y', NULL, NULL, NULL, NULL, NULL, NULL, NULL, NULL, NULL, NULL, '1900-01-01 00:00:00', -1, '1900-01-01 00:00:00', -1),
(546, 'too', 'Y', NULL, NULL, NULL, NULL, NULL, NULL, NULL, NULL, NULL, NULL, '1900-01-01 00:00:00', -1, '1900-01-01 00:00:00', -1),
(547, 'took', 'Y', NULL, NULL, NULL, NULL, NULL, NULL, NULL, NULL, NULL, NULL, '1900-01-01 00:00:00', -1, '1900-01-01 00:00:00', -1),
(548, 'toward', 'Y', NULL, NULL, NULL, NULL, NULL, NULL, NULL, NULL, NULL, NULL, '1900-01-01 00:00:00', -1, '1900-01-01 00:00:00', -1),
(549, 'towards', 'Y', NULL, NULL, NULL, NULL, NULL, NULL, NULL, NULL, NULL, NULL, '1900-01-01 00:00:00', -1, '1900-01-01 00:00:00', -1),
(550, 'tried', 'Y', NULL, NULL, NULL, NULL, NULL, NULL, NULL, NULL, NULL, NULL, '1900-01-01 00:00:00', -1, '1900-01-01 00:00:00', -1),
(551, 'tries', 'Y', NULL, NULL, NULL, NULL, NULL, NULL, NULL, NULL, NULL, NULL, '1900-01-01 00:00:00', -1, '1900-01-01 00:00:00', -1),
(552, 'truly', 'Y', NULL, NULL, NULL, NULL, NULL, NULL, NULL, NULL, NULL, NULL, '1900-01-01 00:00:00', -1, '1900-01-01 00:00:00', -1),
(553, 'try', 'Y', NULL, NULL, NULL, NULL, NULL, NULL, NULL, NULL, NULL, NULL, '1900-01-01 00:00:00', -1, '1900-01-01 00:00:00', -1),
(554, 'trying', 'Y', NULL, NULL, NULL, NULL, NULL, NULL, NULL, NULL, NULL, NULL, '1900-01-01 00:00:00', -1, '1900-01-01 00:00:00', -1),
(555, 't''s', 'Y', NULL, NULL, NULL, NULL, NULL, NULL, NULL, NULL, NULL, NULL, '1900-01-01 00:00:00', -1, '1900-01-01 00:00:00', -1),
(556, 'twice', 'Y', NULL, NULL, NULL, NULL, NULL, NULL, NULL, NULL, NULL, NULL, '1900-01-01 00:00:00', -1, '1900-01-01 00:00:00', -1),
(557, 'two', 'Y', NULL, NULL, NULL, NULL, NULL, NULL, NULL, NULL, NULL, NULL, '1900-01-01 00:00:00', -1, '1900-01-01 00:00:00', -1),
(558, 'u', 'Y', NULL, NULL, NULL, NULL, NULL, NULL, NULL, NULL, NULL, NULL, '1900-01-01 00:00:00', -1, '1900-01-01 00:00:00', -1),
(559, 'un', 'Y', NULL, NULL, NULL, NULL, NULL, NULL, NULL, NULL, NULL, NULL, '1900-01-01 00:00:00', -1, '1900-01-01 00:00:00', -1),
(560, 'under', 'Y', NULL, NULL, NULL, NULL, NULL, NULL, NULL, NULL, NULL, NULL, '1900-01-01 00:00:00', -1, '1900-01-01 00:00:00', -1),
(561, 'underneath', 'Y', NULL, NULL, NULL, NULL, NULL, NULL, NULL, NULL, NULL, NULL, '1900-01-01 00:00:00', -1, '1900-01-01 00:00:00', -1),
(562, 'undoing', 'Y', NULL, NULL, NULL, NULL, NULL, NULL, NULL, NULL, NULL, NULL, '1900-01-01 00:00:00', -1, '1900-01-01 00:00:00', -1),
(563, 'unfortunately', 'Y', NULL, NULL, NULL, NULL, NULL, NULL, NULL, NULL, NULL, NULL, '1900-01-01 00:00:00', -1, '1900-01-01 00:00:00', -1),
(564, 'unless', 'Y', NULL, NULL, NULL, NULL, NULL, NULL, NULL, NULL, NULL, NULL, '1900-01-01 00:00:00', -1, '1900-01-01 00:00:00', -1),
(565, 'unlike', 'Y', NULL, NULL, NULL, NULL, NULL, NULL, NULL, NULL, NULL, NULL, '1900-01-01 00:00:00', -1, '1900-01-01 00:00:00', -1),
(566, 'unlikely', 'Y', NULL, NULL, NULL, NULL, NULL, NULL, NULL, NULL, NULL, NULL, '1900-01-01 00:00:00', -1, '1900-01-01 00:00:00', -1),
(567, 'until', 'Y', NULL, NULL, NULL, NULL, NULL, NULL, NULL, NULL, NULL, NULL, '1900-01-01 00:00:00', -1, '1900-01-01 00:00:00', -1),
(568, 'unto', 'Y', NULL, NULL, NULL, NULL, NULL, NULL, NULL, NULL, NULL, NULL, '1900-01-01 00:00:00', -1, '1900-01-01 00:00:00', -1),
(569, 'up', 'Y', NULL, NULL, NULL, NULL, NULL, NULL, NULL, NULL, NULL, NULL, '1900-01-01 00:00:00', -1, '1900-01-01 00:00:00', -1),
(570, 'upon', 'Y', NULL, NULL, NULL, NULL, NULL, NULL, NULL, NULL, NULL, NULL, '1900-01-01 00:00:00', -1, '1900-01-01 00:00:00', -1),
(571, 'upwards', 'Y', NULL, NULL, NULL, NULL, NULL, NULL, NULL, NULL, NULL, NULL, '1900-01-01 00:00:00', -1, '1900-01-01 00:00:00', -1),
(572, 'us', 'Y', NULL, NULL, NULL, NULL, NULL, NULL, NULL, NULL, NULL, NULL, '1900-01-01 00:00:00', -1, '1900-01-01 00:00:00', -1),
(573, 'use', 'Y', NULL, NULL, NULL, NULL, NULL, NULL, NULL, NULL, NULL, NULL, '1900-01-01 00:00:00', -1, '1900-01-01 00:00:00', -1),
(574, 'used', 'Y', NULL, NULL, NULL, NULL, NULL, NULL, NULL, NULL, NULL, NULL, '1900-01-01 00:00:00', -1, '1900-01-01 00:00:00', -1),
(575, 'useful', 'Y', NULL, NULL, NULL, NULL, NULL, NULL, NULL, NULL, NULL, NULL, '1900-01-01 00:00:00', -1, '1900-01-01 00:00:00', -1),
(576, 'uses', 'Y', NULL, NULL, NULL, NULL, NULL, NULL, NULL, NULL, NULL, NULL, '1900-01-01 00:00:00', -1, '1900-01-01 00:00:00', -1),
(577, 'using', 'Y', NULL, NULL, NULL, NULL, NULL, NULL, NULL, NULL, NULL, NULL, '1900-01-01 00:00:00', -1, '1900-01-01 00:00:00', -1),
(578, 'usually', 'Y', NULL, NULL, NULL, NULL, NULL, NULL, NULL, NULL, NULL, NULL, '1900-01-01 00:00:00', -1, '1900-01-01 00:00:00', -1),
(579, 'v', 'Y', NULL, NULL, NULL, NULL, NULL, NULL, NULL, NULL, NULL, NULL, '1900-01-01 00:00:00', -1, '1900-01-01 00:00:00', -1),
(580, 'value', 'Y', NULL, NULL, NULL, NULL, NULL, NULL, NULL, NULL, NULL, NULL, '1900-01-01 00:00:00', -1, '1900-01-01 00:00:00', -1),
(581, 'various', 'Y', NULL, NULL, NULL, NULL, NULL, NULL, NULL, NULL, NULL, NULL, '1900-01-01 00:00:00', -1, '1900-01-01 00:00:00', -1),
(582, 'versus', 'Y', NULL, NULL, NULL, NULL, NULL, NULL, NULL, NULL, NULL, NULL, '1900-01-01 00:00:00', -1, '1900-01-01 00:00:00', -1),
(583, 'very', 'Y', NULL, NULL, NULL, NULL, NULL, NULL, NULL, NULL, NULL, NULL, '1900-01-01 00:00:00', -1, '1900-01-01 00:00:00', -1),
(584, 'via', 'Y', NULL, NULL, NULL, NULL, NULL, NULL, NULL, NULL, NULL, NULL, '1900-01-01 00:00:00', -1, '1900-01-01 00:00:00', -1),
(585, 'viz', 'Y', NULL, NULL, NULL, NULL, NULL, NULL, NULL, NULL, NULL, NULL, '1900-01-01 00:00:00', -1, '1900-01-01 00:00:00', -1),
(586, 'vs', 'Y', NULL, NULL, NULL, NULL, NULL, NULL, NULL, NULL, NULL, NULL, '1900-01-01 00:00:00', -1, '1900-01-01 00:00:00', -1),
(587, 'w', 'Y', NULL, NULL, NULL, NULL, NULL, NULL, NULL, NULL, NULL, NULL, '1900-01-01 00:00:00', -1, '1900-01-01 00:00:00', -1),
(588, 'want', 'Y', NULL, NULL, NULL, NULL, NULL, NULL, NULL, NULL, NULL, NULL, '1900-01-01 00:00:00', -1, '1900-01-01 00:00:00', -1),
(589, 'wants', 'Y', NULL, NULL, NULL, NULL, NULL, NULL, NULL, NULL, NULL, NULL, '1900-01-01 00:00:00', -1, '1900-01-01 00:00:00', -1),
(590, 'was', 'Y', NULL, NULL, NULL, NULL, NULL, NULL, NULL, NULL, NULL, NULL, '1900-01-01 00:00:00', -1, '1900-01-01 00:00:00', -1),
(591, 'wasn''t', 'Y', NULL, NULL, NULL, NULL, NULL, NULL, NULL, NULL, NULL, NULL, '1900-01-01 00:00:00', -1, '1900-01-01 00:00:00', -1),
(592, 'way', 'Y', NULL, NULL, NULL, NULL, NULL, NULL, NULL, NULL, NULL, NULL, '1900-01-01 00:00:00', -1, '1900-01-01 00:00:00', -1),
(593, 'we', 'Y', NULL, NULL, NULL, NULL, NULL, NULL, NULL, NULL, NULL, NULL, '1900-01-01 00:00:00', -1, '1900-01-01 00:00:00', -1),
(594, 'we''d', 'Y', NULL, NULL, NULL, NULL, NULL, NULL, NULL, NULL, NULL, NULL, '1900-01-01 00:00:00', -1, '1900-01-01 00:00:00', -1),
(595, 'welcome', 'Y', NULL, NULL, NULL, NULL, NULL, NULL, NULL, NULL, NULL, NULL, '1900-01-01 00:00:00', -1, '1900-01-01 00:00:00', -1),
(596, 'well', 'Y', NULL, NULL, NULL, NULL, NULL, NULL, NULL, NULL, NULL, NULL, '1900-01-01 00:00:00', -1, '1900-01-01 00:00:00', -1),
(597, 'we''ll', 'Y', NULL, NULL, NULL, NULL, NULL, NULL, NULL, NULL, NULL, NULL, '1900-01-01 00:00:00', -1, '1900-01-01 00:00:00', -1),
(598, 'went', 'Y', NULL, NULL, NULL, NULL, NULL, NULL, NULL, NULL, NULL, NULL, '1900-01-01 00:00:00', -1, '1900-01-01 00:00:00', -1),
(599, 'were', 'Y', NULL, NULL, NULL, NULL, NULL, NULL, NULL, NULL, NULL, NULL, '1900-01-01 00:00:00', -1, '1900-01-01 00:00:00', -1),
(600, 'we''re', 'Y', NULL, NULL, NULL, NULL, NULL, NULL, NULL, NULL, NULL, NULL, '1900-01-01 00:00:00', -1, '1900-01-01 00:00:00', -1),
(601, 'weren''t', 'Y', NULL, NULL, NULL, NULL, NULL, NULL, NULL, NULL, NULL, NULL, '1900-01-01 00:00:00', -1, '1900-01-01 00:00:00', -1),
(602, 'we''ve', 'Y', NULL, NULL, NULL, NULL, NULL, NULL, NULL, NULL, NULL, NULL, '1900-01-01 00:00:00', -1, '1900-01-01 00:00:00', -1),
(603, 'what', 'Y', NULL, NULL, NULL, NULL, NULL, NULL, NULL, NULL, NULL, NULL, '1900-01-01 00:00:00', -1, '1900-01-01 00:00:00', -1),
(604, 'whatever', 'Y', NULL, NULL, NULL, NULL, NULL, NULL, NULL, NULL, NULL, NULL, '1900-01-01 00:00:00', -1, '1900-01-01 00:00:00', -1),
(605, 'what''ll', 'Y', NULL, NULL, NULL, NULL, NULL, NULL, NULL, NULL, NULL, NULL, '1900-01-01 00:00:00', -1, '1900-01-01 00:00:00', -1),
(606, 'what''s', 'Y', NULL, NULL, NULL, NULL, NULL, NULL, NULL, NULL, NULL, NULL, '1900-01-01 00:00:00', -1, '1900-01-01 00:00:00', -1),
(607, 'what''ve', 'Y', NULL, NULL, NULL, NULL, NULL, NULL, NULL, NULL, NULL, NULL, '1900-01-01 00:00:00', -1, '1900-01-01 00:00:00', -1),
(608, 'when', 'Y', NULL, NULL, NULL, NULL, NULL, NULL, NULL, NULL, NULL, NULL, '1900-01-01 00:00:00', -1, '1900-01-01 00:00:00', -1),
(609, 'whence', 'Y', NULL, NULL, NULL, NULL, NULL, NULL, NULL, NULL, NULL, NULL, '1900-01-01 00:00:00', -1, '1900-01-01 00:00:00', -1),
(610, 'whenever', 'Y', NULL, NULL, NULL, NULL, NULL, NULL, NULL, NULL, NULL, NULL, '1900-01-01 00:00:00', -1, '1900-01-01 00:00:00', -1),
(611, 'where', 'Y', NULL, NULL, NULL, NULL, NULL, NULL, NULL, NULL, NULL, NULL, '1900-01-01 00:00:00', -1, '1900-01-01 00:00:00', -1),
(612, 'whereafter', 'Y', NULL, NULL, NULL, NULL, NULL, NULL, NULL, NULL, NULL, NULL, '1900-01-01 00:00:00', -1, '1900-01-01 00:00:00', -1),
(613, 'whereas', 'Y', NULL, NULL, NULL, NULL, NULL, NULL, NULL, NULL, NULL, NULL, '1900-01-01 00:00:00', -1, '1900-01-01 00:00:00', -1),
(614, 'whereby', 'Y', NULL, NULL, NULL, NULL, NULL, NULL, NULL, NULL, NULL, NULL, '1900-01-01 00:00:00', -1, '1900-01-01 00:00:00', -1),
(615, 'wherein', 'Y', NULL, NULL, NULL, NULL, NULL, NULL, NULL, NULL, NULL, NULL, '1900-01-01 00:00:00', -1, '1900-01-01 00:00:00', -1),
(616, 'where''s', 'Y', NULL, NULL, NULL, NULL, NULL, NULL, NULL, NULL, NULL, NULL, '1900-01-01 00:00:00', -1, '1900-01-01 00:00:00', -1),
(617, 'whereupon', 'Y', NULL, NULL, NULL, NULL, NULL, NULL, NULL, NULL, NULL, NULL, '1900-01-01 00:00:00', -1, '1900-01-01 00:00:00', -1),
(618, 'wherever', 'Y', NULL, NULL, NULL, NULL, NULL, NULL, NULL, NULL, NULL, NULL, '1900-01-01 00:00:00', -1, '1900-01-01 00:00:00', -1),
(619, 'whether', 'Y', NULL, NULL, NULL, NULL, NULL, NULL, NULL, NULL, NULL, NULL, '1900-01-01 00:00:00', -1, '1900-01-01 00:00:00', -1),
(620, 'which', 'Y', NULL, NULL, NULL, NULL, NULL, NULL, NULL, NULL, NULL, NULL, '1900-01-01 00:00:00', -1, '1900-01-01 00:00:00', -1),
(621, 'whichever', 'Y', NULL, NULL, NULL, NULL, NULL, NULL, NULL, NULL, NULL, NULL, '1900-01-01 00:00:00', -1, '1900-01-01 00:00:00', -1),
(622, 'while', 'Y', NULL, NULL, NULL, NULL, NULL, NULL, NULL, NULL, NULL, NULL, '1900-01-01 00:00:00', -1, '1900-01-01 00:00:00', -1),
(623, 'whilst', 'Y', NULL, NULL, NULL, NULL, NULL, NULL, NULL, NULL, NULL, NULL, '1900-01-01 00:00:00', -1, '1900-01-01 00:00:00', -1),
(624, 'whither', 'Y', NULL, NULL, NULL, NULL, NULL, NULL, NULL, NULL, NULL, NULL, '1900-01-01 00:00:00', -1, '1900-01-01 00:00:00', -1),
(625, 'who', 'Y', NULL, NULL, NULL, NULL, NULL, NULL, NULL, NULL, NULL, NULL, '1900-01-01 00:00:00', -1, '1900-01-01 00:00:00', -1),
(626, 'who''d', 'Y', NULL, NULL, NULL, NULL, NULL, NULL, NULL, NULL, NULL, NULL, '1900-01-01 00:00:00', -1, '1900-01-01 00:00:00', -1),
(627, 'whoever', 'Y', NULL, NULL, NULL, NULL, NULL, NULL, NULL, NULL, NULL, NULL, '1900-01-01 00:00:00', -1, '1900-01-01 00:00:00', -1),
(628, 'whole', 'Y', NULL, NULL, NULL, NULL, NULL, NULL, NULL, NULL, NULL, NULL, '1900-01-01 00:00:00', -1, '1900-01-01 00:00:00', -1),
(629, 'who''ll', 'Y', NULL, NULL, NULL, NULL, NULL, NULL, NULL, NULL, NULL, NULL, '1900-01-01 00:00:00', -1, '1900-01-01 00:00:00', -1),
(630, 'whom', 'Y', NULL, NULL, NULL, NULL, NULL, NULL, NULL, NULL, NULL, NULL, '1900-01-01 00:00:00', -1, '1900-01-01 00:00:00', -1),
(631, 'whomever', 'Y', NULL, NULL, NULL, NULL, NULL, NULL, NULL, NULL, NULL, NULL, '1900-01-01 00:00:00', -1, '1900-01-01 00:00:00', -1),
(632, 'who''s', 'Y', NULL, NULL, NULL, NULL, NULL, NULL, NULL, NULL, NULL, NULL, '1900-01-01 00:00:00', -1, '1900-01-01 00:00:00', -1),
(633, 'whose', 'Y', NULL, NULL, NULL, NULL, NULL, NULL, NULL, NULL, NULL, NULL, '1900-01-01 00:00:00', -1, '1900-01-01 00:00:00', -1),
(634, 'why', 'Y', NULL, NULL, NULL, NULL, NULL, NULL, NULL, NULL, NULL, NULL, '1900-01-01 00:00:00', -1, '1900-01-01 00:00:00', -1),
(635, 'will', 'Y', NULL, NULL, NULL, NULL, NULL, NULL, NULL, NULL, NULL, NULL, '1900-01-01 00:00:00', -1, '1900-01-01 00:00:00', -1),
(636, 'willing', 'Y', NULL, NULL, NULL, NULL, NULL, NULL, NULL, NULL, NULL, NULL, '1900-01-01 00:00:00', -1, '1900-01-01 00:00:00', -1),
(637, 'wish', 'Y', NULL, NULL, NULL, NULL, NULL, NULL, NULL, NULL, NULL, NULL, '1900-01-01 00:00:00', -1, '1900-01-01 00:00:00', -1),
(638, 'with', 'Y', NULL, NULL, NULL, NULL, NULL, NULL, NULL, NULL, NULL, NULL, '1900-01-01 00:00:00', -1, '1900-01-01 00:00:00', -1),
(639, 'within', 'Y', NULL, NULL, NULL, NULL, NULL, NULL, NULL, NULL, NULL, NULL, '1900-01-01 00:00:00', -1, '1900-01-01 00:00:00', -1),
(640, 'without', 'Y', NULL, NULL, NULL, NULL, NULL, NULL, NULL, NULL, NULL, NULL, '1900-01-01 00:00:00', -1, '1900-01-01 00:00:00', -1),
(641, 'wonder', 'Y', NULL, NULL, NULL, NULL, NULL, NULL, NULL, NULL, NULL, NULL, '1900-01-01 00:00:00', -1, '1900-01-01 00:00:00', -1),
(642, 'won''t', 'Y', NULL, NULL, NULL, NULL, NULL, NULL, NULL, NULL, NULL, NULL, '1900-01-01 00:00:00', -1, '1900-01-01 00:00:00', -1),
(643, 'would', 'Y', NULL, NULL, NULL, NULL, NULL, NULL, NULL, NULL, NULL, NULL, '1900-01-01 00:00:00', -1, '1900-01-01 00:00:00', -1),
(644, 'wouldn''t', 'Y', NULL, NULL, NULL, NULL, NULL, NULL, NULL, NULL, NULL, NULL, '1900-01-01 00:00:00', -1, '1900-01-01 00:00:00', -1),
(645, 'x', 'Y', NULL, NULL, NULL, NULL, NULL, NULL, NULL, NULL, NULL, NULL, '1900-01-01 00:00:00', -1, '1900-01-01 00:00:00', -1),
(646, 'y', 'Y', NULL, NULL, NULL, NULL, NULL, NULL, NULL, NULL, NULL, NULL, '1900-01-01 00:00:00', -1, '1900-01-01 00:00:00', -1),
(647, 'yes', 'Y', NULL, NULL, NULL, NULL, NULL, NULL, NULL, NULL, NULL, NULL, '1900-01-01 00:00:00', -1, '1900-01-01 00:00:00', -1),
(648, 'yet', 'Y', NULL, NULL, NULL, NULL, NULL, NULL, NULL, NULL, NULL, NULL, '1900-01-01 00:00:00', -1, '1900-01-01 00:00:00', -1),
(649, 'you', 'Y', NULL, NULL, NULL, NULL, NULL, NULL, NULL, NULL, NULL, NULL, '1900-01-01 00:00:00', -1, '1900-01-01 00:00:00', -1),
(650, 'you''d', 'Y', NULL, NULL, NULL, NULL, NULL, NULL, NULL, NULL, NULL, NULL, '1900-01-01 00:00:00', -1, '1900-01-01 00:00:00', -1),
(651, 'you''ll', 'Y', NULL, NULL, NULL, NULL, NULL, NULL, NULL, NULL, NULL, NULL, '1900-01-01 00:00:00', -1, '1900-01-01 00:00:00', -1),
(652, 'your', 'Y', NULL, NULL, NULL, NULL, NULL, NULL, NULL, NULL, NULL, NULL, '1900-01-01 00:00:00', -1, '1900-01-01 00:00:00', -1),
(653, 'you''re', 'Y', NULL, NULL, NULL, NULL, NULL, NULL, NULL, NULL, NULL, NULL, '1900-01-01 00:00:00', -1, '1900-01-01 00:00:00', -1),
(654, 'yours', 'Y', NULL, NULL, NULL, NULL, NULL, NULL, NULL, NULL, NULL, NULL, '1900-01-01 00:00:00', -1, '1900-01-01 00:00:00', -1),
(655, 'yourself', 'Y', NULL, NULL, NULL, NULL, NULL, NULL, NULL, NULL, NULL, NULL, '1900-01-01 00:00:00', -1, '1900-01-01 00:00:00', -1),
(656, 'yourselves', 'Y', NULL, NULL, NULL, NULL, NULL, NULL, NULL, NULL, NULL, NULL, '1900-01-01 00:00:00', -1, '1900-01-01 00:00:00', -1),
(657, 'you''ve', 'Y', NULL, NULL, NULL, NULL, NULL, NULL, NULL, NULL, NULL, NULL, '1900-01-01 00:00:00', -1, '1900-01-01 00:00:00', -1),
(658, 'z', 'Y', NULL, NULL, NULL, NULL, NULL, NULL, NULL, NULL, NULL, NULL, '1900-01-01 00:00:00', -1, '1900-01-01 00:00:00', -1),
(659, 'zero', 'Y', NULL, NULL, NULL, NULL, NULL, NULL, NULL, NULL, NULL, NULL, '1900-01-01 00:00:00', -1, '1900-01-01 00:00:00', -1);

--
-- Dumping data for table `core_nx3_search_subject`
--

INSERT INTO `core_nx3_search_subject` (`search_subject_id`, `search_subject_name`, `search_subject_code`, `search_subject_description`, `search_subject_sql`, `enabled_yn`, `auto_index_enabled_yn`, `last_index_attempt`, `last_index_success`, `attribute1`, `attribute2`, `attribute3`, `attribute4`, `attribute5`, `attribute6`, `attribute7`, `attribute8`, `attribute9`, `attribute10`, `created_date`, `created_by`, `updated_date`, `updated_by`) VALUES
(1, 'Articles', 'ARTICLES', 'Search the contents of all articles on this site', 'SELECT a.article_id, LOWER(a.article_text) FROM @TABLE_PREFIX@nx3_article a WHERE a.deleted_yn = ''N''', 'Y', 'Y', '1900-01-01 00:00:00', '1900-01-01 00:00:00', NULL, NULL, NULL, NULL, NULL, NULL, NULL, NULL, NULL, NULL, '1900-01-01 00:00:00', -1, '1900-01-01 00:00:00', -1);

--
-- Dumping data for table `core_nx3_setting`
--

INSERT INTO `core_nx3_setting` (`field`, `value`, `description`, `attribute1`, `attribute2`, `attribute3`, `attribute4`, `attribute5`, `attribute6`, `attribute7`, `attribute8`, `attribute9`, `attribute10`, `created_date`, `created_by`, `updated_date`, `updated_by`) VALUES
('nx3.activity.displaynumber', '20', 'Number of events to show at a time in the activity module.', NULL, NULL, NULL, NULL, NULL, NULL, NULL, NULL, NULL, NULL, '1900-01-01 00:00:00', -1, '2010-01-20 13:19:17', 1),
('nx3.article.contentexpiry', '86400', 'Used to set how long an article attachment can exist in a user''s cache.', NULL, NULL, NULL, NULL, NULL, NULL, NULL, NULL, NULL, NULL, '1900-01-01 00:00:00', -1, '1900-01-01 00:00:00', -1),
('nx3.autocache.enable', 'N', 'Enable this setting to turn on auto caching of external feeds, search indexes etc.', NULL, NULL, NULL, NULL, NULL, NULL, NULL, NULL, NULL, NULL, '1900-01-01 00:00:00', -1, '1900-01-01 00:00:00', -1),
('nx3.autocache.frequency', '30', 'How often the auto cache system should be initiated. In minutes.', NULL, NULL, NULL, NULL, NULL, NULL, NULL, NULL, NULL, NULL, '1900-01-01 00:00:00', -1, '1900-01-01 00:00:00', -1),
('nx3.avatar.contentexpiry', '86400', '', NULL, NULL, NULL, NULL, NULL, NULL, NULL, NULL, NULL, NULL, '1900-01-01 00:00:00', -1, '1900-01-01 00:00:00', -1),
('nx3.avatar.defaultcontenttype', 'image/png', '', NULL, NULL, NULL, NULL, NULL, NULL, NULL, NULL, NULL, NULL, '1900-01-01 00:00:00', -1, '1900-01-01 00:00:00', -1),
('nx3.avatar.defaulturl', 'images/no_avatar.png', '', NULL, NULL, NULL, NULL, NULL, NULL, NULL, NULL, NULL, NULL, '1900-01-01 00:00:00', -1, '1900-01-01 00:00:00', -1),
('nx3.custompost.location', 'custom/custom_post.php', '', NULL, NULL, NULL, NULL, NULL, NULL, NULL, NULL, NULL, NULL, '1900-01-01 00:00:00', -1, '1900-01-01 00:00:00', -1),
('nx3.custompre.location', 'custom/custom_pre.php', '', NULL, NULL, NULL, NULL, NULL, NULL, NULL, NULL, NULL, NULL, '1900-01-01 00:00:00', -1, '1900-01-01 00:00:00', -1),
('nx3.default.url', 'article/viewarticle/CONTENT_ABOUT/', '', NULL, NULL, NULL, NULL, NULL, NULL, NULL, NULL, NULL, NULL, '1900-01-01 00:00:00', -1, '1900-01-01 00:00:00', -1),
('nx3.footer.text', ' Insert Copyright Message Here', '', NULL, NULL, NULL, NULL, NULL, NULL, NULL, NULL, NULL, NULL, '1900-01-01 00:00:00', -1, '1900-01-01 00:00:00', -1),
('nx3.global.antispamkey', 'monk3y', '', NULL, NULL, NULL, NULL, NULL, NULL, NULL, NULL, NULL, NULL, '1900-01-01 00:00:00', -1, '1900-01-01 00:00:00', -1),
('nx3.global.guestuserid', '2', '', NULL, NULL, NULL, NULL, NULL, NULL, NULL, NULL, NULL, NULL, '1900-01-01 00:00:00', -1, '1900-01-01 00:00:00', -1),
('nx3.global.maximumfilesize', '100000', '', NULL, NULL, NULL, NULL, NULL, NULL, NULL, NULL, NULL, NULL, '1900-01-01 00:00:00', -1, '1900-01-01 00:00:00', -1),
('nx3.global.sitedescription', 'nisch.org', '', NULL, NULL, NULL, NULL, NULL, NULL, NULL, NULL, NULL, NULL, '1900-01-01 00:00:00', -1, '1900-01-01 00:00:00', -1),
('nx3.global.sitename', 'nisch.org', '', NULL, NULL, NULL, NULL, NULL, NULL, NULL, NULL, NULL, NULL, '1900-01-01 00:00:00', -1, '1900-01-01 00:00:00', -1),
('nx3.global.siteurl', 'http://www.nisch.org/nx3/', 'Important - change this when deploying!', NULL, NULL, NULL, NULL, NULL, NULL, NULL, NULL, NULL, NULL, '1900-01-01 00:00:00', -1, '1900-01-01 00:00:00', -1),
('nx3.header.defaultheading', 'nisch.org', '', NULL, NULL, NULL, NULL, NULL, NULL, NULL, NULL, NULL, NULL, '1900-01-01 00:00:00', -1, '1900-01-01 00:00:00', -1),
('nx3.log.enable', 'N', '', NULL, NULL, NULL, NULL, NULL, NULL, NULL, NULL, NULL, NULL, '1900-01-01 00:00:00', -1, '1900-01-01 00:00:00', -1),
('nx3.log.enableusagestats', 'Y', 'Enable this setting to turn on usage statistics logging for later reporting.', NULL, NULL, NULL, NULL, NULL, NULL, NULL, NULL, NULL, NULL, '1900-01-01 00:00:00', -1, '1900-01-01 00:00:00', -1),
('nx3.log.level', '5', '', NULL, NULL, NULL, NULL, NULL, NULL, NULL, NULL, NULL, NULL, '1900-01-01 00:00:00', -1, '1900-01-01 00:00:00', -1),
('nx3.meta.description', 'nisch.org is a blog site for Nicholas McHardy', '', NULL, NULL, NULL, NULL, NULL, NULL, NULL, NULL, NULL, NULL, '1900-01-01 00:00:00', -1, '1900-01-01 00:00:00', -1),
('nx3.meta.keywords', 'nisch.org, nx3, nicholas, mchardy, blog', '', NULL, NULL, NULL, NULL, NULL, NULL, NULL, NULL, NULL, NULL, '1900-01-01 00:00:00', -1, '1900-01-01 00:00:00', -1),
('nx3.online.frequency', '10', 'Approximate session length for a user for the "Online Users" module. Default is 10 (minutes).', NULL, NULL, NULL, NULL, NULL, NULL, NULL, NULL, NULL, NULL, '1900-01-01 00:00:00', -1, '1900-01-01 00:00:00', -1),
('nx3.photo.flashurl', '3rdparty/simpleviewer/viewer.swf', '', NULL, NULL, NULL, NULL, NULL, NULL, NULL, NULL, NULL, NULL, '1900-01-01 00:00:00', -1, '1900-01-01 00:00:00', -1),
('nx3.photo.javascripturl', '3rdparty/simpleviewer/swfobject.js', '', NULL, NULL, NULL, NULL, NULL, NULL, NULL, NULL, NULL, NULL, '1900-01-01 00:00:00', -1, '1900-01-01 00:00:00', -1),
('nx3.res.contentexpiry', '86400', '', NULL, NULL, NULL, NULL, NULL, NULL, NULL, NULL, NULL, NULL, '1900-01-01 00:00:00', -1, '1900-01-01 00:00:00', -1),
('nx3.template.default', 'file:index.tpl', 'The default template in use by all modules that do not override with a specific template.', NULL, NULL, NULL, NULL, NULL, NULL, NULL, NULL, NULL, NULL, '1900-01-01 00:00:00', -1, '1900-01-01 00:00:00', -1),
('nx3.yell.displaynumber', '10', 'Shows the last X amount of yells.', NULL, NULL, NULL, NULL, NULL, NULL, NULL, NULL, NULL, NULL, '1900-01-01 00:00:00', -1, '1900-01-01 00:00:00', -1),
('smarty.compile.location', 'template_compiled', 'Where compiled Smarty templates should be saved.', NULL, NULL, NULL, NULL, NULL, NULL, NULL, NULL, NULL, NULL, '1900-01-01 00:00:00', -1, '1900-01-01 00:00:00', -1),
('smarty.config.location', 'template_config', 'Location of Smarty configuration files.', NULL, NULL, NULL, NULL, NULL, NULL, NULL, NULL, NULL, NULL, '1900-01-01 00:00:00', -1, '1900-01-01 00:00:00', -1),
('smarty.template.location', 'template', 'Location of Smarty templates.', NULL, NULL, NULL, NULL, NULL, NULL, NULL, NULL, NULL, NULL, '1900-01-01 00:00:00', -1, '1900-01-01 00:00:00', -1);

--
-- Dumping data for table `core_nx3_user`
--

INSERT INTO `core_nx3_user` (`user_id`, `username`, `password`, `email`, `display_name`, `status`, `activation_code`, `first_name`, `last_name`, `address`, `city`, `state`, `post_code`, `country`, `phone1`, `phone2`, `phone3`, `date_of_birth`, `last_active`, `post_count`, `avatar`, `avatar_content_type`, `tag_line`, `attribute1`, `attribute2`, `attribute3`, `attribute4`, `attribute5`, `attribute6`, `attribute7`, `attribute8`, `attribute9`, `attribute10`, `created_date`, `created_by`, `updated_date`, `updated_by`) VALUES
(-1, 'nobody', '', '', 'Nobody', 'DISABLED', '', '', '', '', '', '', '', '', '', '', '', '0000-00-00', '0000-00-00 00:00:00', 0, '', '', '', '', '', '', '', '', '', '', '', '', '', '1900-01-01 00:00:00', -1, '1900-01-01 00:00:00', -1),
(1, 'admin', '', '', 'Administrator', 'ACTIVE', '', '', '', '', '', '', '', '', '', '', '', '0000-00-00', '2010-06-16 10:20:44', 0, 0x89504e470d0a1a0a0000000d4948445200000040000000400806000000aa6971de000000097048597300000b1300000b1301009a9c180000000467414d410000b18e7cfb5193000000206348524d00007a25000080830000f9ff000080e9000075300000ea6000003a980000176f925fc546000016874944415478dadc9b79781de57def3fef2c6766ceaeddda657991bce085040c86401268c126103790dccbd390d2a64d9bd23435d042d374491b9a98264d9be496de26e94d724d491b202c8929098b63d3c440c1c62cb665799164edd239d2d1d967eb1f33473a9225231bfbe63e9de7799f199dd1ccfbfbfededffefe46b8ae0b8010820b7854009b808b81d5fe680754ffbe091c070e016f02af022f02c90b45d034ee0bc80003f81fc0adc055807e96cfe7813dc043c0bf023920005ce3bfaf1d080253c0ebc0e3c05bff3f302006fc11f0292002201415458fa2062344e315545456118dc590651900dbb649a526492612a492098ad929ec7c0ad7324befec039e00ae053a00544d4333c218e128d954924c6a02a00bb8c567c8a218a09ce755df0e7c01d084900855d651b1a49996f6e5ac5cb9928ee5ed2c6daea7aeba92783482aac8e08269d94ca4d30c8f2638d1d74f57f7098e7475d17bbc9be4501f99c470b3eb3a770849a2a6a18daa8616829138e18a2a26460638f29f7b4bf36700eb6c083e5f12b01cf801b016a0aab19d86659d2c5db69215edadb4372fa1a1b69a70280842609a169665ce88210245555055155c4867b20c8c8c72a26f88a3277b387af82d467aba89d72ca1aabe0910a8019df1811e0ebdb4bb44c3edc0777e112af03f817f0144b8a28aa56b2fa5b1b59d253595d455c608191af942916cae806959b8ae73e6151112aaa260181aba16209b2b30343ec1d0e838c944827c66128400d7e5c8cb7b29e43200bf097ceb5c8ce03b55817b802f02342e5fc3b2f59b0887434402325621cfb19e494cd39a5ee5b322108f405551d0358d7848c7364394d6a9e7cd574be00f9e2df8f2e39d30e08f81bf0658f9ae2b695ab106619b58f92c63191bdb76e07cd95517645942516482ba868d44b4aa8ea19ea300eb7cdbf3957379f5b9aac0c7816f0a019d975c4d6d733bc56c06818bedbfef421db224e1380eaa1162acbf87c32fefc69ff2acd4e09dd880cb809f032cdfb089ba9615e4d293e09684f6c21fc22318231c63b8f728dd075e2cddba1cd87721192003fb818b1a96ada279e545e4d2536f6bd82e18238484118ed0d7f53a03c70ee1fbff8d807da18ce0e7818bc2f12a6a5b96914925716c8b5fe4914959d4b62c23353e427a62fc22e0af80cf5c081bb00a780390966dd8841e8a62e6b2173a87589428ab46907c26c5314f151c3f1e3974be25e02e40aaa86b42d343e4a752e71bcacc4996bd0bc7c575412832b80e581648f2694fda5329b460888aba2692c3a7249fd6df3c9f12d0041c1542d29b3bd6a10634ec9938fd5c976e0e7817641554156c1bd9b599982a92481769a832d0e371ec7c1e72198f41429a6d9c1415b358a0efc8415cd7c9032b80536f2701d222c9fd10a08762716455a198cf625be62247d11b6611db2ccc0cabe8dd772c6c45c18e546007c33896895bcc71ac679c7810bef4b15558f91c89d171dc782576248e5dc86317f3b3e629e6b3c8aa422816c7cf3c7fe57c0642370268c10856b180651599edf3dc3997eecc7996bc492049a028a00620148150d4bb3735893c95243d95263930c5f28e5a9efcd3abe8fca536c65239bef0cd17516517a5b91d570fc2709f2f0d0a4862da3f6ac108e98904c04dc0d7ce870a3402c725590954d5b7200970e75afeb96085f0c0ca8a27d2aa069a069a01461882618f09c53c4c249092231426932447d220647ee357d6f3d5dfdf4ca8b11ab23638696eb9fb473cf2cc1b54363510686ec35154488ec164121c1b8440c8328ee3303ed08b635b45bf66d0ff4e8de0c5404051555cd7c194140846bc159415cf28c992a7bf8a0a01d5bba7f8c0d58007d615609b90cfc25412313106c971321313e4335940e1ddef5acefdb75fc6fbaeeb04270053aa67d4758987776c65dbdd0e8f3f7f00239924545f8763842114866c06cc025816922ca3a8018ab615f069ef7fa72a707129e8b04d73c6efbb2e689207500d4040f3002b8a17aa5936e427c1cc432e07d9342297c6994a914d4d61d9799f8230efbd7c35dbb76de0a6ebd7403c06290564030245b0f39051211ce7b1af6de3ee2f44f8f2833f23d73d49301223100ae20a01b6058e83eb2a0869dab46d009e3c57156807ee076e0608e8069a11c2b1cc3291179efe953febe2b92cc7c1b62caca289e5ce5119a1b1a6a3890f5cbe9c5fbdaa838b2e6d87781cd23210f29868e5c12a82e30fb300ba051197dd4fbec61d7fb79bb7bafb0019a11868868a228190640ab90cc57cae44cd237ed67afc6c42e1db80ef023435d4b26dcb7b78e685d7387ce4048aaa619925404ed958f80868066d4dd5ac5fdec095eb5ab87a5d0beb5737417d15382ae41490c3a06833605d0b1c13ec22d805efdacc7ba5c21a0dc6137cefb157f9da136ff2b38343e016515403cb3459d5b1946bae5cc7634fede5d4c04839a69d8b61c0ad7e81833fbbe3663ef7d94fc092b5dcf6918fb3f3fbff8eaee9444332f9a2832449e8aa8c2acb18ba4a38a453150d525319a1a136467b7d154b9b6ae86caea1ada91a6a2b2018f46ac03901ae066ad0b3258e0996e919342c5fa44dfff7023805ef6ce7c1cc42c0860a01c904270ef6f2f4fe3efeeaa12e06c633fcea2dd7b3f3fbdf82a137f8f3cfff137ff9bf1e29c7f6bd3319c116e00180fffbc5dbf9e83db743cf3138f21ccb035e4cf16b57d7f28ff75ecef008083588668450b53046288cd0431ec06010341de40038b207d8046c05a602a0044053c0b53dc056d19b5d923dfbe10092eb5db88ef7bb2bcf9c6505f226f466417659baae9edfb97e095d7d49bef27886e5ea2938fc553056f2b9af7f8a15cd116ebbf7dbf8d85e280f90e632e04e20f6895b36f1d1dfbb16f6fd187af742650e333d06c0bb575740738c3a4302350472d03358920e2200b604530ea42dcfe7cb32c81a48aae72dc0036e590b24ba320817840cc20161cf00772570243f9e90bd775b2e8ce5417259ddecc514766e0c4e3d0be33f83c1f7f0d13bae65cfcb87f8c6232fc681bb813f28cd581e096e02b6017cfad68dd077147af779fa17ac43d70d00daaa83902842ca845411a68a902e42d684820da6ebb9bc52d0237c5be1dade6ae278b649b0c0f00d6bc9b896cec2ff07513e240f822481056d75410034cd80609da736bdfbe0d4510f93776cf3b19ec6800d40ebc68e1a56d707a0afdbbbab5582d059521d02206aa81e0621fbe5017f4584344324e5d160897016572213e5cf943f54feb754f63f3e136c881a9e402fa90e83d03dda25a0af9b350d013676d400b402ebe753816a80fab80a6eca33425a8537896bd0d956e33d20b9bed19fb332cc21769ac8f351ff91e6111569f6b5038abf9c9d6dd5e0064115de42d816b829eae32afbbd7fa9998f01058089740172139e6e2b155ef4660758bba289961a834cce5a60c598bde2eebc4bbb08b06728acb9f331baf4934b2667d25a1b64ed8a66b08310087811aa9b82dc8487ad0ceb5c15380998078f26191e4a829a05bd0a62cd2022c43b3bb8fae265740f2440290b7ecaf300717a6e747ac2249d6188e9ccf8b4519e3697cf57924059a27b20c9551b9712efec0011f568d7ab40cd323498e4e0d1646923f6e47c0cd8033c972e3a7ceb270310c9c2d449882c85ea8ba16a0dd77ff04632793f4a8379f4ba449c3373ed96463990852c20b39f297fd7dc6ab398c358334fa6a070fd076f82aad51ecd91a53e862cfffc4c3fe9a203f0ac8ff534068c00df00f8ec778ef2ca9e24d40c41ff539019844491ad577470e5c5ad309af289126512e09601f4fdb75be6cb4b633ef11073813b33cf51f677b9044c3348786e732cc5951b5bd97a4587e7a532831eed3543bcb227c967bfd35d9aed1b3ed60523c11f00db6241857fdbbe8a5f7e7f145419dc30a88ee772865508548311f37cbc6c80a27bd78aee85b452c01bb20a420149f13c87545ecd99a3334ec95ddae058e09a9e0d72fc70d8f293232bef9f735ea89c9f80c218d4d91e634c01220da6cd8f9f4bf191af1c62326b95b07de8ed42e120b01bb804e09a7515dc7a59150d5532e35326a7c61c7ef7a60ea24b1a40aaf019e08396757f04fca1fa0c50cb1820cdb8ce5952ec13ef3a1ef8e9e133c02afa79417e6658398f416e82d4603ffff064374dd51255119581719b87f68df3ecc1e91e8b9780f7fa7d0667ac0764fd0d86af03bff3ecc164f94b3c37b3b28a6d1df530e97aa1c0ac0a5059d0e33a60bb20f9115d496aa7c35c3163f9a7d5c43efdda714e5703d7177fc786b8c373cf27f8e3ef9d5cc87f3c00fcde7c59db4235411bf8a45f0abfdf371a2f0303000f3e7f0a0a69cf9b08f974834799ee63cfc4fc25508e0fca2d13f9723b31eb377b4ed659664d2505dc2214b23cf8fc74dd63c0a7750fb0c3c7f0bb0ba5ac67bb33b4aad486b2ff1fae64c3252b2057efebbcea9f35af1a249586323390fd18bf3cd2638669e5e01d7b46056cd3b707c539e971018c010ebcdccdc63bfea344e3eab7db133897aa70e938043c0870df43dde04c829df2f45d941744fde194ce0ed87357b704d25e400acabdc03c6e500a80930227c57ddf9bb6f03b17037e312a70a6e37e8087f70ef1f44f7a219e8462d6b3fecca9f50b77766cb0a0b8cf77af0cb898bb7fa0433103b1044fffa48787f70ecfa2ed4233e060a929e28ebf7f83c913c3a09ef2d252c598eddcdd336d8acc0d9816881cc59c004ad13dc9524f317962983bbe3add18f685c534479d0f06949a23f61f1bcdf3b1fb0e80390ad6114fc703a1d919e07c7b070b6e8d953142cc891a85f0ea0faee2cd658ef2b1fb5ee3d8681ebcbec2cf9c0b90736500c06f00e613af8cf1a9cf1f00690072fb3dffa157f8b580b2387f3a5d667611b57c2f81f23cdf3798f84515bdd21398dc7e10037ceabed778e2d5f1526cfff15f448bcc016033b0f7eb4f9fd22ddbe5817b72e066c1bd02626d7ec456f49951b2fed269fb7a3312e0b7d5b87e21c4c58f307548f540e605c89ce2933b8ef08fcf0ee25548b9d2a7e5dc92ed77d8251605f6fa7d3a5cdd11e5877fb69a70630cb4cba0f652d0e33e230abe615ca85630c7dacb01cfa6e49330f212e4f791ee9fe4039f3fc44f0f4fef4cbfe9477763e7b2adfe4e18500f7cd9afb2a26b3aab375c8254b58ae670967b370d7269cb28c45aa1ea6aa85c07c11a2f1698f6eb36b3145ef8c54e29e0f9ffec08245e87b1dd30d9c34b7db5dcff7223bda920f6f85bbc75e045f285e9b4fe61bf9ed9f7ff820177fb1196a41b06575fb3954b375fc59286662cb3c88f9e7f85caca38b75faed299799a566300627550b11e62ab21dce495aa146366afdfb13c29292421d307136f41e2004c0ed39b6fe448780bdfde6732369ee086f75e8ca26a0c0df4f1d2cff6f0d3677791cfe54ab47dc6f7061784014bf01a922f05b8f6ba1bd9fac15ba8a9ab672a35492e97451270fcf871143dc8fbb7dc4c6ab49f9adc019acdfdd45b5dc4e494572e0f44205c0f469df7e6dc30a407a198824281493bc290d2415fe062468d0d44ab1b796ed7c398852cededed382e1846904834c6e8f020bb1e7f98679e9ede017bd5dfcd1e389f0c780ff023205257dfc0a7effe13d6ae7b17931309d2e99417ef088124cb4c4ea6e8ea3aca473e74034b97ade4d478816cbe805618245238899e3fc9b280cbd4540fcf0fbe00c0fbeaaf241269e558519037da4807da2868f518864e53a5ca89635dfceba3bbe858b982582c8a637b99a32b201c8e128b57f2e66baff0775fba8fe1a101f07a866f007e7a3e18f041e03180cdef792fbff5c94fd3d6b694bebe5e70dd59cf499284e3baec3ff03a1d2bdab8f9a62d2427269164154ba8642c9925a14ab2d91c5b9ff8245d392f7e5f695cc1ae1b1f20183218ca2608c90eb25bc0752c2ae2311e79fc298e1c3dc9c60d17210981e338b3810841537333a7fa4ef1cd07fe9e3dbb9f29ddbe1978f49d30600bb00b60fbddf770cd751f20934e1334748aa679da334208244962686884befe017eedd60f515353453a9dc1715dea2295e0087ee9fbbfc59ec433d0b2c27bb0f72857555ecb4f3efc0d84ec32944a200941381c6274749cef3cf428cd8d0d2c59528be338d3c4cf6a9452150a058b783cce8f773dc6dfecf8ebd2ed1b4a18ce36195aef5750d8f1375fe6d3dbff90c4f83801552618320886820483c6ac61183a86a1d3dad2483018e4f5435dc422614f94abeb701589eb7ff0dbec197e0a9adac1b6bdd1d4ce9ea1a7b8eed14fe02882a6ea3a0c43271609f3faa12e82c120ad2d8dd3ef9f3b6f301424140a224b2e434383fcfef63fe4fe2ffd6d79856bfdd9468202f836a0fdf95ffc2577de7d27274f1ec7d035e2f1187a2040c8d009ce330c5d231209b1a673393dbdfdf4f50f52198f2102821fbeb09be707f6426b0b925011ae40b80249a8d0d6c2eec117f8e1de9f220282ca788cbefe417a7afb59d3b99c482484a16bf3ce193274744d23168ba1c812dddd5d6cbf6b3b7ff1b9cf81f795c9ff59a82ebf900aec00fe68cb962decdab58b13bd03f40f0c5228148946234892749a18cee2aa24e13a2e878f76138d86b9f1baf7f3e27fbe863362f144601f5f1cf92eaba21d5e520320090ea58e706fedc7b8a9781952adc2a677afe7c9a79f23954ad3b96239429aadfbf3cd695a26e363090cc3a0a5b991656d4d6cddba95a79e7aaa9429deb3181bb00e784d51555e3ff83a9d9d1d1ce93e413e5fa0689a18bafeb60c00afbb3b93c9d13f384cd0d0109244735d3d4bb44ab6bdf1277459fdac8b2ef3d2cbd431562a8d3cb6f63e860a09fa8607711d876cae40637d1da190e1759f9fb16d56603b0e89e48427a1a1206b56ade0f0e1c3acbbe8222c6f3376bd9fcd9eb126b81de0ae3befa4b3b383d1b12441c34091652ccb465117973e082108a82a8a2291cd15a8aa8c531daca0373bccf16c1ffde9630ca6c7bd38a89840093bf458c334466b4181f1c40435d59544c26110e26d192e7cef1009855014195dd7181c1a6555672777dd75173b76ec2861fbf533a94003704cd775fdf0e1c3b4b6b6924c4e623936966563db36422c3e81147e8ceffadb678d462d3b7b7fc86dfbee02ad7ab656e647f9eea62f735beb8df4e74600d78b2f108bea42173e9332d90cb224a3691aaa2a535753cdc9933d747676502814f2c03260602109b811d06fb9f9165a5b5b312d0b35a022d992d7a7ef2a6555dcb3d9e92d355541c2c9f95bda3202e17d19e23ae042d2cd81069aa596a5cc67331708822024545541556472f9226d6dad7cf8960fb3f3c19dba8ff17fcf970e8780f7036cbd61ab279ab633fd695b69e567d531cf6a8f578006c3e684d7ebaf68588e8de33ad87e797bd89cf018606a9cedd7072509507c7a2559469624bfae085b6ed8cace0777e263dce9478bb318b01ab8445114366fde3c6d59851fed79cd5f0e8542014dd3506419d7757116c9095978cd1263c524c83a112548c1f63ac86cd7218fc44831e9757b0654ec457d8320fc1d7a816ddb148a45028180071c90849836ee576cde8ca228589675898ff5e5b90c580eb4b6b7b7d3dada3a6dc95dd745727d37639a24929384c32162a5effe16290d8a9ff98d999304f52a2a0351b2569ea26b62393679c56024ef19c580aa6239f62256dd1ba66993ce6449a73334d6d7a1aa2a8ee320849896d8d6d656dadbdbe9eaea6af5b19ec6802580b476edda59be75b66b9399ca99e821195d0b9c7d83382eb9086cead8485409316966c859790a8e492e0623a1c27478a6ccd316bfd0a16932f694cc54ce429665244920cdf3fc9a356be8eaea927caca7d98000403299e4e73fff39939393d8f6cc2aa88a423697e3b9175e26143468aaaf231e8b100a792ef2edd2e9a0a4316a4d726ae828312944d219256b1728d826a66b6114d2f44b477874f4312ae43059a7f076093da6ed90c9e698989ca27f70984c36cbfbaeb884a06160963561c9b24c341a6562626216d6e988c87709f7b2707bc27fb7716f0977b904e4fc3d41b7b483fadff0307c87398defbf06008500b415bed9f7f80000000049454e44ae426082, 'image/png', '', '', '', '', '', '', '', '', '', '', '', '1900-01-01 00:00:00', -1, '1900-01-01 00:00:00', -1),
(2, 'guest', '', '', 'Guest', 'DISABLED', '', '', '', '', '', '', '', '', '', '', '', '0000-00-00', '0000-00-00 00:00:00', 0, '', '', '', '', '', '', '', '', '', '', '', '', '', '1900-01-01 00:00:00', -1, '1900-01-01 00:00:00', -1),

/*!40101 SET CHARACTER_SET_CLIENT=@OLD_CHARACTER_SET_CLIENT */;
/*!40101 SET CHARACTER_SET_RESULTS=@OLD_CHARACTER_SET_RESULTS */;
/*!40101 SET COLLATION_CONNECTION=@OLD_COLLATION_CONNECTION */;
